0,https://en.wikipedia.org/wiki/University_of_Illinois_Urbana-Champaign,University of Illinois Urbana-Champaign,3914
1,https://en.wikipedia.org/wiki/Computer_science,Computer science,2376
2,https://en.wikipedia.org/wiki/Ada_Lovelace,Ada Lovelace,3045
3,https://en.wikipedia.org/wiki/History_of_informatics,Informatics,731
4,https://en.wikipedia.org/wiki/Evolutionary_computation,Evolutionary computation,965
5,https://en.wikipedia.org/wiki/Glossary_of_machine_vision,Glossary of machine vision,72
6,https://en.wikipedia.org/wiki/History_of_software_engineering,History of software engineering,1047
7,https://en.wikipedia.org/wiki/Domain-specific_language,Domain-specific language,1459
8,https://en.wikipedia.org/wiki/Risk_management,Risk management,3227
9,https://en.wikipedia.org/wiki/Charles_Babbage,Charles Babbage,3572
10,https://en.wikipedia.org/wiki/Wilhelm_Schickard,Wilhelm Schickard,761
11,https://en.wikipedia.org/wiki/Data_mining,Data mining,1597
12,https://en.wikipedia.org/wiki/Medical_image_computing,Medical image computing,1953
13,https://en.wikipedia.org/wiki/Discrete_mathematics,Discrete mathematics,1365
14,https://en.wikipedia.org/wiki/Networking_hardware,Networking hardware,190
15,"https://en.wikipedia.org/wiki/Software_engineer#Use_of_the_title_""Engineer""",Software engineering,2079
16,https://en.wikipedia.org/wiki/George_Forsythe,George Forsythe,195
17,https://en.wikipedia.org/wiki/Computational_chemistry,Computational chemistry,2630
18,https://en.wikipedia.org/wiki/Engineering,Engineering,3230
19,https://en.wikipedia.org/wiki/Data_structure,Data structure,405
20,https://en.wikipedia.org/wiki/History_of_personal_computers,History of personal computers,9605
21,https://en.wikipedia.org/wiki/Minds_and_Machines,Minds and Machines,96
22,https://en.wikipedia.org/wiki/Processor_(computing),Processor (computing),376
23,https://en.wikipedia.org/wiki/Computing_platform,Computing platform,127
24,https://en.wikipedia.org/wiki/Information_theory,Information theory,2282
25,https://en.wikipedia.org/wiki/Natural_science,Natural science,3007
26,https://en.wikipedia.org/wiki/Electrical_engineering,Electrical engineering,3074
27,https://en.wikipedia.org/wiki/Philosophy,Philosophy,3543
28,https://en.wikipedia.org/wiki/Donald_Knuth,Donald Knuth,1360
29,https://en.wikipedia.org/wiki/Glossary_of_geography_terms_(N%E2%80%93Z),Glossary of geography terms (N–Z),423
30,https://en.wikipedia.org/wiki/Philosophy_of_mind,Philosophy of mind,4406
31,https://en.wikipedia.org/wiki/Glossary_of_structural_engineering,Glossary of structural engineering,48
32,https://en.wikipedia.org/wiki/Network_service,Network service,245
33,https://en.wikipedia.org/wiki/Software,Software,1111
34,https://en.wikipedia.org/wiki/Automata_theory,Automata theory,1024
35,https://en.wikipedia.org/wiki/Gottfried_Leibniz,Gottfried Wilhelm Leibniz,6554
36,https://en.wikipedia.org/wiki/Computer_compatibility,Computer compatibility,193
37,https://en.wikipedia.org/wiki/Edsger_W._Dijkstra,Edsger W. Dijkstra,1757
38,https://en.wikipedia.org/wiki/Computational_science,Computational science,1103
39,https://en.wikipedia.org/wiki/Kurt_G%C3%B6del,Kurt Gödel,1698
40,https://en.wikipedia.org/wiki/History_of_computing_in_South_America,History of computing in South America,343
41,https://en.wikipedia.org/wiki/Neuroinformatics,Neuroinformatics,1229
42,https://en.wikipedia.org/wiki/History_of_operating_systems,History of operating systems,2285
43,https://en.wikipedia.org/wiki/History_of_programming_languages,History of programming languages,1045
44,https://en.wikipedia.org/wiki/Cambridge_Diploma_in_Computer_Science,Cambridge Diploma in Computer Science,227
45,https://en.wikipedia.org/wiki/Category:Short_description_matches_Wikidata,Category:Short description matches Wikidata,26
46,https://en.wikipedia.org/wiki/Academic_discipline,Academic discipline,908
47,https://en.wikipedia.org/wiki/Howard_H._Aiken,Howard H. Aiken,297
48,https://en.wikipedia.org/wiki/History_of_cloud_computing,History of cloud computing,687
49,https://en.wikipedia.org/wiki/Library_(computing),Library (computing),1467
50,https://en.wikipedia.org/wiki/Digital_art,Digital art,1244
51,https://en.wikipedia.org/wiki/Middleware,Middleware,230
52,https://en.wikipedia.org/wiki/Programming_tool,Programming tool,410
53,https://en.wikipedia.org/wiki/Timeline_of_computing_1950%E2%80%931979,Timeline of computing 1950–1979,372
54,https://en.wikipedia.org/wiki/Social_intelligence,Social intelligence,871
55,https://en.wikipedia.org/wiki/Software_quality,Software quality,1679
56,https://en.wikipedia.org/wiki/Software_repository,Software repository,751
57,https://en.wikipedia.org/wiki/Harvard_Mark_I,Harvard Mark I,890
58,https://en.wikipedia.org/wiki/Software_construction,Software construction,857
59,https://en.wikipedia.org/wiki/Mathematics,Mathematics,4611
60,https://en.wikipedia.org/wiki/V-model_(software_development),V-model (software development),516
61,https://en.wikipedia.org/wiki/History_of_video_games,History of video games,10357
62,https://en.wikipedia.org/wiki/Microarchitecture,Microarchitecture,1844
63,https://en.wikipedia.org/wiki/United_States,United States,5855
64,https://en.wikipedia.org/wiki/Programming_paradigm,Programming paradigm,1014
65,https://en.wikipedia.org/wiki/Harvard_Business_School,Harvard Business School,510
66,https://en.wikipedia.org/wiki/Signal,Signal,1187
67,https://en.wikipedia.org/wiki/Electronic_publishing,Electronic publishing,1343
68,https://en.wikipedia.org/wiki/Site_reliability_engineering,Site reliability engineering,424
69,https://en.wikipedia.org/wiki/Hardware_security,Hardware security,187
70,https://en.wikipedia.org/wiki/Neurophysiology,Neurophysiology,664
71,https://en.wikipedia.org/wiki/Distributed_computing,Distributed computing,1441
72,https://en.wikipedia.org/wiki/Cryptography,Cryptography,4626
73,https://en.wikipedia.org/wiki/Category:All_Wikipedia_articles_written_in_American_English,Category:All Wikipedia articles written in American English,10
74,https://en.wikipedia.org/wiki/Multi-task_learning,Multi-task learning,1980
75,https://en.wikipedia.org/wiki/Category:Dynamic_lists,Category:Dynamic lists,32
76,https://en.wikipedia.org/wiki/Enterprise_software,Enterprise software,400
77,https://en.wikipedia.org/wiki/ACM_Computing_Classification_System,ACM Computing Classification System,58
78,https://en.wikipedia.org/wiki/Semantics_(computer_science),Semantics (computer science),185
79,https://en.wikipedia.org/wiki/Glossary_of_botanical_terms,Glossary of botanical terms,244
80,https://en.wikipedia.org/wiki/Leonardo_Torres_Quevedo,Leonardo Torres Quevedo,4296
81,https://en.wikipedia.org/wiki/Control_theory,Control theory,2254
82,https://en.wikipedia.org/wiki/Concurrency_(computer_science),Concurrency (computer science),554
83,https://en.wikipedia.org/wiki/Timeline_of_computing_1990%E2%80%931999,Timeline of computing 1990–1999,146
84,https://en.wikipedia.org/wiki/David_Parnas,David Parnas,222
85,https://en.wikipedia.org/wiki/Vulnerability_(computing),Vulnerability (computing),951
86,https://en.wikipedia.org/wiki/Type_theory,Type theory,3047
87,https://en.wikipedia.org/wiki/ISBN_(identifier),ISBN,1731
88,https://en.wikipedia.org/wiki/Multiprocessing,Multiprocessing,750
89,https://en.wikipedia.org/wiki/Cybernetics,Cybernetics,1137
90,https://en.wikipedia.org/wiki/Technical_debt,Technical debt,601
91,https://en.wikipedia.org/wiki/Glossary_of_electrical_and_electronics_engineering,Glossary of electrical and electronics engineering,21
92,https://en.wikipedia.org/wiki/Category:Articles_with_NLK_identifiers,Category:Articles with NLK identifiers,13
93,https://en.wikipedia.org/wiki/Leonardo_Torres_y_Quevedo#Analytical_machines,Leonardo Torres Quevedo,4296
94,https://en.wikipedia.org/wiki/Structured_program_theorem,Structured program theorem,972
95,https://en.wikipedia.org/wiki/Document_management_system,Document management system,461
96,https://en.wikipedia.org/wiki/Channel_capacity,Channel capacity,1897
97,https://en.wikipedia.org/wiki/Model_of_computation,Model of computation,134
98,https://en.wikipedia.org/wiki/Glossary_of_artificial_intelligence,Glossary of artificial intelligence,328
99,https://en.wikipedia.org/wiki/Category:Articles_with_EMU_identifiers,Category:Articles with EMU identifiers,13
100,https://en.wikipedia.org/wiki/Computation,Computation,454
101,https://en.wikipedia.org/wiki/Project_management,Project management,3223
102,https://en.wikipedia.org/wiki/Object-oriented_programming,Object-oriented programming,2873
103,https://en.wikipedia.org/wiki/Analysis_of_algorithms,Analysis of algorithms,1447
104,https://en.wikipedia.org/wiki/Network_security,Network security,453
105,https://en.wikipedia.org/wiki/Physics,Physics,3544
106,https://en.wikipedia.org/wiki/Software_quality_assurance,Software quality assurance,180
107,https://en.wikipedia.org/wiki/Glossary_of_psychiatry,Glossary of psychiatry,3510
108,https://en.wikipedia.org/wiki/Garbled_circuit,Garbled circuit,1116
109,https://en.wikipedia.org/wiki/Glossary_of_ichthyology,Glossary of ichthyology,10
110,https://en.wikipedia.org/wiki/Applied_mathematics,Applied mathematics,952
111,https://en.wikipedia.org/wiki/Blockchain,Blockchain,3553
112,https://en.wikipedia.org/wiki/Informatics#Etymology,Informatics,731
113,https://en.wikipedia.org/wiki/Glossary_of_developmental_biology,Glossary of developmental biology,100
114,https://en.wikipedia.org/wiki/Mechanical_calculator,Mechanical calculator,2641
115,https://en.wikipedia.org/wiki/Imperative_programming,Imperative programming,1233
116,https://en.wikipedia.org/wiki/Algorithmic_information_theory,Algorithmic information theory,957
117,https://en.wikipedia.org/wiki/Algorithmic_efficiency,Algorithmic efficiency,1320
118,https://en.wikipedia.org/wiki/Outline_of_computer_science,Outline of computer science,43
119,https://en.wikipedia.org/wiki/Stepped_Reckoner,Stepped reckoner,526
120,https://en.wikipedia.org/wiki/Linear_network_coding,Linear network coding,1420
121,https://en.wikipedia.org/wiki/Glossary_of_quantum_computing,Glossary of quantum computing,14
122,https://en.wikipedia.org/wiki/Data_compression,Data compression,3072
123,https://en.wikipedia.org/wiki/Category:Pages_using_Sister_project_links_with_hidden_wikidata,Category:Pages using Sister project links with hidden wikidata,10
124,https://en.wikipedia.org/wiki/Randomized_algorithms,Randomized algorithm,1388
125,https://en.wikipedia.org/wiki/O_level,GCE Ordinary Level,700
126,https://en.wikipedia.org/wiki/Glossary_of_mycology,Glossary of mycology,318
127,https://en.wikipedia.org/wiki/Arithmometer,Arithmometer,1492
128,https://en.wikipedia.org/wiki/Electronic_voting,Electronic voting,3092
129,https://en.wikipedia.org/wiki/OCLC_(identifier),OCLC,1162
130,https://en.wikipedia.org/wiki/Electronic_design_automation,Electronic design automation,587
131,https://en.wikipedia.org/wiki/Data_model,Data model,2111
132,https://en.wikipedia.org/wiki/Category:Articles_with_NKC_identifiers,Category:Articles with NKC identifiers,13
133,https://en.wikipedia.org/wiki/Social_computing,Social computing,1508
134,https://en.wikipedia.org/wiki/Civil_engineering,Civil engineering,1909
135,https://en.wikipedia.org/wiki/Timeline_of_computing_2000%E2%80%932009,Timeline of computing 2000–2009,14
136,https://en.wikipedia.org/wiki/Social_software_engineering,Social software engineering,231
137,https://en.wikipedia.org/wiki/Cambridge_Computer_Lab,"Department of Computer Science and Technology, University of Cambridge",366
138,https://en.wikipedia.org/wiki/Kolmogorov_complexity,Kolmogorov complexity,2964
139,https://en.wikipedia.org/wiki/Software_testing,Software testing,4179
140,https://en.wikipedia.org/wiki/Glossary_of_computer_hardware_terms,Glossary of computer hardware terms,65
141,https://en.wikipedia.org/wiki/Computer_system,Computer,5108
142,https://en.wikipedia.org/wiki/History_of_the_World_Wide_Web,History of the World Wide Web,3292
143,https://en.wikipedia.org/wiki/Aspect-oriented_programming,Aspect-oriented programming,1388
144,https://en.wikipedia.org/wiki/Computer_graphics,Computer graphics,4138
145,https://en.wikipedia.org/wiki/Category:Webarchive_template_wayback_links,Category:Webarchive template wayback links,14
146,https://en.wikipedia.org/wiki/History_of_computing,History of computing,2085
147,https://en.wikipedia.org/wiki/Wikipedia:Wikimedia_sister_projects,Wikipedia:Wikimedia sister projects,463
148,https://en.wikipedia.org/wiki/Category:Articles_with_HDS_identifiers,Category:Articles with HDS identifiers,13
149,https://en.wikipedia.org/wiki/History_of_computer_science,History of computer science,1993
150,https://en.wikipedia.org/wiki/Axiomatic_system,Axiomatic system,859
151,https://en.wikipedia.org/wiki/History_of_free_and_open-source_software,History of free and open-source software,3899
152,https://en.wikipedia.org/wiki/History_of_computer_hardware_in_Yugoslavia,History of computer hardware in Yugoslavia,663
153,https://en.wikipedia.org/wiki/Association_for_Computing_Machinery,Association for Computing Machinery,1230
154,https://en.wikipedia.org/wiki/Computational_logic,Computational logic,151
155,https://en.wikipedia.org/wiki/History_of_software,History of software,1604
156,https://en.wikipedia.org/wiki/Epistemology,Epistemology,4724
157,https://en.wikipedia.org/wiki/Information_retrieval,Information retrieval,483
158,https://en.wikipedia.org/wiki/Enterprise_information_system,Enterprise information system,222
159,https://en.wikipedia.org/wiki/Goto,Goto,2126
160,https://en.wikipedia.org/wiki/Cyberwarfare,Cyberwarfare,5789
161,https://en.wikipedia.org/wiki/ISSN_(identifier),ISSN,708
162,https://en.wikipedia.org/wiki/Glossary_of_aerospace_engineering,Glossary of aerospace engineering,29
163,https://en.wikipedia.org/wiki/Microcontroller,Microcontroller,2291
164,https://en.wikipedia.org/wiki/Category:Wikipedia_indefinitely_move-protected_pages,Category:Wikipedia indefinitely move-protected pages,40
165,https://en.wikipedia.org/wiki/Essential_systems_analysis,Essential systems analysis,91
166,https://en.wikipedia.org/wiki/Compatibility_layer,Compatibility layer,157
167,https://en.wikipedia.org/wiki/Backward_compatibility,Backward compatibility,753
168,https://en.wikipedia.org/wiki/Charles_Babbage:_Pioneer_of_the_Computer,Charles Babbage: Pioneer of the Computer,47
169,https://en.wikipedia.org/wiki/List_of_computer_scientists,List of computer scientists,48
170,https://en.wikipedia.org/wiki/Enterprise_unified_process,Enterprise unified process,108
171,https://en.wikipedia.org/wiki/Concurrent_computing,Concurrent computing,786
172,https://en.wikipedia.org/wiki/Mozilla_Foundation,Mozilla Foundation,666
173,https://en.wikipedia.org/wiki/Programming_language_theory,Programming language theory,432
174,https://en.wikipedia.org/wiki/Extreme_programming,Extreme programming,1841
175,https://en.wikipedia.org/wiki/Computational_statistics,Computational statistics,496
176,https://en.wikipedia.org/wiki/Communications_of_the_ACM,Communications of the ACM,126
177,https://en.wikipedia.org/wiki/Timeline_of_computing_2010%E2%80%932019,Timeline of computing 2010–2019,14
178,https://en.wikipedia.org/wiki/Category:Pages_using_multiple_image_with_auto_scaled_images,Category:Pages using multiple image with auto scaled images,24
179,https://en.wikipedia.org/wiki/Program_semantics,Semantics (computer science),185
180,https://en.wikipedia.org/wiki/Oikonyms_in_Western_and_South_Asia,Oikonyms in Western and South Asia,1513
181,https://en.wikipedia.org/wiki/Reinforcement_learning,Reinforcement learning,2231
182,https://en.wikipedia.org/wiki/Glossary_of_chemistry_terms,Glossary of chemistry terms,312
183,https://en.wikipedia.org/wiki/Numerical_analysis,Numerical analysis,1479
184,https://en.wikipedia.org/wiki/Algorithmics,Algorithm,4129
185,https://en.wikipedia.org/wiki/Cross-validation_(statistics),Cross-validation (statistics),2258
186,https://en.wikipedia.org/wiki/History_of_computer_hardware_in_Eastern_Bloc_countries,History of computer hardware in Eastern Bloc countries,675
187,https://en.wikipedia.org/wiki/Glossary_of_ecology,Glossary of ecology,30
188,https://en.wikipedia.org/wiki/Glossary_of_probability_and_statistics,Glossary of probability and statistics,50
189,https://en.wikipedia.org/wiki/Wikipedia:The_Wikipedia_Library,Wikipedia:The Wikipedia Library,127
190,https://en.wikipedia.org/wiki/Process_calculus,Process calculus,880
191,https://en.wikipedia.org/wiki/Computer_animation,Computer animation,1987
192,https://en.wikipedia.org/wiki/Software_configuration_management,Software configuration management,210
193,https://en.wikipedia.org/wiki/World_Wide_Web,World Wide Web,3789
194,https://en.wikipedia.org/wiki/Machine_learning,Machine learning,5064
195,https://en.wikipedia.org/wiki/List_of_unsolved_problems_in_computer_science,List of unsolved problems in computer science,19
196,https://en.wikipedia.org/wiki/Category:Use_American_English_from_August_2022,Category:Use American English from August 2022,26
197,https://en.wikipedia.org/wiki/Software_verification_and_validation,Software verification and validation,790
198,https://en.wikipedia.org/wiki/Digital_marketing,Digital marketing,2343
199,https://en.wikipedia.org/wiki/Unsupervised_learning,Unsupervised learning,791
200,https://en.wikipedia.org/wiki/Computational_musicology,Computational musicology,859
201,https://en.wikipedia.org/wiki/History_of_computing_in_the_Soviet_Union,History of computing in the Soviet Union,2074
202,https://en.wikipedia.org/wiki/Computer_science_(disambiguation),Computer science (disambiguation),5
203,https://en.wikipedia.org/wiki/History_of_computing_in_Poland,History of computing in Poland,332
204,https://en.wikipedia.org/wiki/Formal_verification,Formal verification,801
205,https://en.wikipedia.org/wiki/Timeline_of_computing_2020%E2%80%93present,Timeline of computing 2020–present,46
206,https://en.wikipedia.org/wiki/Earth_science,Earth science,974
207,https://en.wikipedia.org/wiki/Video_game,Video game,5110
208,https://en.wikipedia.org/wiki/Personal_computer,Personal computer,3925
209,https://en.wikipedia.org/wiki/Type_systems,Type system,3283
210,https://en.wikipedia.org/wiki/Algebraic_data_types,Algebraic data type,1011
211,https://en.wikipedia.org/wiki/CI/CD,CI/CD,111
212,https://en.wikipedia.org/wiki/Computational_geometry,Computational geometry,592
213,https://en.wikipedia.org/wiki/Application_security,Application security,240
214,https://en.wikipedia.org/wiki/Computer_network,Computer network,3891
215,https://en.wikipedia.org/wiki/Glossary_of_medicine,Glossary of medicine,10
216,https://en.wikipedia.org/wiki/Network_performance,Network performance,558
217,https://en.wikipedia.org/wiki/Geographic_information_system,Geographic information system,4669
218,https://en.wikipedia.org/wiki/Input/output,Input/output,504
219,https://en.wikipedia.org/wiki/Binary_number,Binary number,2361
220,https://en.wikipedia.org/wiki/Robotics,Robotics,4783
221,https://en.wikipedia.org/wiki/Computer_organization,Microarchitecture,1844
222,https://en.wikipedia.org/wiki/Fast_Fourier_transform,Fast Fourier transform,2579
223,https://en.wikipedia.org/wiki/Domain_theory,Domain theory,1207
224,https://en.wikipedia.org/wiki/Solid_modeling,Solid modeling,1846
225,https://en.wikipedia.org/wiki/2D_computer_graphics,2D computer graphics,1681
226,https://en.wikipedia.org/wiki/Formal_language,Formal language,1083
227,https://en.wikipedia.org/wiki/Requirements_analysis,Requirements analysis,993
228,https://en.wikipedia.org/wiki/Atanasoff%E2%80%93Berry_computer,Atanasoff–Berry computer,1082
229,https://en.wikipedia.org/wiki/Data_processing,Data processing,461
230,https://en.wikipedia.org/wiki/Percy_Ludgate,Percy Ludgate,337
231,https://en.wikipedia.org/wiki/National_Curriculum,National curriculum,91
232,https://en.wikipedia.org/wiki/Entity%E2%80%93relationship_model,Entity–relationship model,1247
233,https://en.wikipedia.org/wiki/Experimental_software_engineering,Experimental software engineering,152
234,https://en.wikipedia.org/wiki/Petri_net,Petri net,1847
235,https://en.wikipedia.org/wiki/Mathematical_software,Mathematical software,236
236,https://en.wikipedia.org/wiki/History_of_computing_hardware,History of computing hardware,6089
237,https://en.wikipedia.org/wiki/Glossary_of_environmental_science,Glossary of environmental science,28
238,https://en.wikipedia.org/wiki/Computational_engineering,Computational engineering,286
239,https://en.wikipedia.org/wiki/Mission_critical,Mission critical,1419
240,https://en.wikipedia.org/wiki/Brian_Randell,Brian Randell,422
241,https://en.wikipedia.org/wiki/Tony_Hoare,Tony Hoare,438
242,https://en.wikipedia.org/wiki/Gottfried_Wilhelm_Leibniz,Gottfried Wilhelm Leibniz,6554
243,https://en.wikipedia.org/wiki/Glossary_of_cell_biology,Glossary of cellular and molecular biology (0–L),337
244,https://en.wikipedia.org/wiki/Hungarian_language,Hungarian language,3257
245,https://en.wikipedia.org/wiki/Proceedings,Conference proceedings,377
246,https://en.wikipedia.org/wiki/Modeling_language,Modeling language,1021
247,https://en.wikipedia.org/wiki/George_Boole,George Boole,2022
248,https://en.wikipedia.org/wiki/JSTOR_(identifier),JSTOR,998
249,https://en.wikipedia.org/wiki/Information_system,Information system,1596
250,https://en.wikipedia.org/wiki/Green_computing,Green computing,2576
251,https://en.wikipedia.org/wiki/Network_scheduler,Network scheduler,405
252,https://en.wikipedia.org/wiki/View_model,View model,1727
253,https://en.wikipedia.org/wiki/R%C3%B3zsa_P%C3%A9ter,Rózsa Péter,406
254,https://en.wikipedia.org/wiki/Management_science,Management science,526
255,https://en.wikipedia.org/wiki/Anthony_Ralston,Anthony Ralston,347
256,https://en.wikipedia.org/wiki/History_of_software_configuration_management,History of software configuration management,242
257,https://en.wikipedia.org/wiki/Timeline_of_computing_hardware_before_1950,Timeline of computing hardware before 1950,34
258,https://en.wikipedia.org/wiki/Computer_graphics_(computer_science),Computer graphics (computer science),328
259,https://en.wikipedia.org/wiki/Function_model,Function model,1326
260,https://en.wikipedia.org/wiki/IEEE_Computer_Society,Institute of Electrical and Electronics Engineers,446
261,https://en.wikipedia.org/wiki/Glossary_of_agriculture,Glossary of agriculture,457
262,https://en.wikipedia.org/wiki/Virtual_reality,Virtual reality,4117
263,https://en.wikipedia.org/wiki/Software_engineering,Software engineering,2079
264,https://en.wikipedia.org/wiki/Image_processing,Digital image processing,1583
265,https://en.wikipedia.org/wiki/Database_model,Database model,1581
266,https://en.wikipedia.org/wiki/Glossary_of_virology,Glossary of virology,58
267,https://en.wikipedia.org/wiki/Compatibility_mode,Compatibility mode,490
268,https://en.wikipedia.org/wiki/Wikipedia:Reliable_sources,Wikipedia:Reliable sources,2641
269,https://en.wikipedia.org/wiki/Automated_planning_and_scheduling,Automated planning and scheduling,780
270,https://en.wikipedia.org/wiki/Object_model,Object model,21
271,https://en.wikipedia.org/wiki/List_of_pioneers_in_computer_science,List of pioneers in computer science,15
272,https://en.wikipedia.org/wiki/Statistics,Statistics,3347
273,https://en.wikipedia.org/wiki/Theoretical_computer_science,Theoretical computer science,1771
274,https://en.wikipedia.org/wiki/Complex_system,Complex system,1146
275,https://en.wikipedia.org/wiki/Category:Articles_with_BNF_identifiers,Category:Articles with BNF identifiers,13
276,https://en.wikipedia.org/wiki/Alan_Turing,Alan Turing,4503
277,https://en.wikipedia.org/wiki/Algebra,Algebra,3259
278,https://en.wikipedia.org/wiki/Very_Large_Scale_Integration,Very Large Scale Integration,522
279,https://en.wikipedia.org/wiki/Herman_Hollerith,Herman Hollerith,518
280,https://en.wikipedia.org/wiki/Incremental_build_model,Incremental build model,175
281,https://en.wikipedia.org/wiki/Information,Information,1956
282,https://en.wikipedia.org/wiki/Circuit_(computer_science),Circuit (computer science),356
283,https://en.wikipedia.org/wiki/Glossary_of_geology,Glossary of geology,107
284,https://en.wikipedia.org/wiki/Randomized_algorithm,Randomized algorithm,1388
285,https://en.wikipedia.org/wiki/Intrusion_detection_system,Intrusion detection system,1627
286,https://en.wikipedia.org/wiki/Informatics,Informatics,731
287,https://en.wikipedia.org/wiki/Peter_J._Denning,Peter J. Denning,820
288,https://en.wikipedia.org/wiki/Coding_theory,Coding theory,1555
289,https://en.wikipedia.org/wiki/Data_science,Data science,950
290,https://en.wikipedia.org/wiki/Key-agreement_protocol,Key-agreement protocol,437
291,https://en.wikipedia.org/wiki/Operations_research,Operations research,1829
292,https://en.wikipedia.org/wiki/Multithreading_(computer_architecture),Multithreading (computer architecture),815
293,https://en.wikipedia.org/wiki/Software_prototyping,Software prototyping,2130
294,https://en.wikipedia.org/wiki/Control_variable_(programming),Control flow,2293
295,https://en.wikipedia.org/wiki/Compiler_construction,Compiler,2415
296,https://en.wikipedia.org/wiki/Doi_(identifier),Digital object identifier,1579
297,https://en.wikipedia.org/wiki/Glossary_of_cellular_and_molecular_biology_(M%E2%80%93Z),Glossary of cellular and molecular biology (M–Z),315
298,https://en.wikipedia.org/wiki/Multi-disciplinary,Interdisciplinarity,1492
299,https://en.wikipedia.org/wiki/Glossary_of_bird_terms,Glossary of bird terms,150
300,https://en.wikipedia.org/wiki/Parallel_random-access_machine,Parallel RAM,331
301,https://en.wikipedia.org/wiki/Error_detection_and_correction,Error detection and correction,1838
302,https://en.wikipedia.org/wiki/Digital_physics,Digital physics,142
303,https://en.wikipedia.org/wiki/Category:Computer_science_journals,Category:Computer science journals,19
304,https://en.wikipedia.org/wiki/William_J._Rapaport,William J. Rapaport,151
305,https://en.wikipedia.org/wiki/Information_security,Information security,4619
306,https://en.wikipedia.org/wiki/Photograph_manipulation,Photograph manipulation,2345
307,https://en.wikipedia.org/wiki/Computational_biology,Computational biology,1536
308,https://en.wikipedia.org/wiki/Allen_Newell,Allen Newell,447
309,https://en.wikipedia.org/wiki/Category:Articles_with_LCCN_identifiers,Category:Articles with LCCN identifiers,13
310,https://en.wikipedia.org/wiki/Glossary_of_biology,Glossary of biology,166
311,https://en.wikipedia.org/wiki/Timeline_of_computing,Timeline of computing,31
312,https://en.wikipedia.org/wiki/Zero-knowledge_proof,Zero-knowledge proof,2820
313,https://en.wikipedia.org/wiki/Swarm_intelligence,Swarm intelligence,1385
314,https://en.wikipedia.org/wiki/Bio-inspired_computing,Bio-inspired computing,1170
315,https://en.wikipedia.org/wiki/Wikipedia:WikiProject_Computer_science,Wikipedia:WikiProject Computer science,202
316,https://en.wikipedia.org/wiki/Glossary_of_clinical_research,Glossary of clinical research,18
317,https://en.wikipedia.org/wiki/Unified_Process,Unified Process,692
318,https://en.wikipedia.org/wiki/Software_archaeology,Software archaeology,261
319,https://en.wikipedia.org/wiki/History_of_general-purpose_CPUs,History of general-purpose CPUs,2561
320,https://en.wikipedia.org/wiki/Category:Computing_timelines,Category:Computing timelines,9
321,https://en.wikipedia.org/wiki/Digital_signature,Digital signature,1880
322,https://en.wikipedia.org/wiki/Automated_theorem_proving,Automated theorem proving,1015
323,https://en.wikipedia.org/wiki/Bit,Bit,1035
324,https://en.wikipedia.org/wiki/Biology,Biology,4424
325,https://en.wikipedia.org/wiki/Formal_specification,Formal specification,363
326,https://en.wikipedia.org/wiki/Computer_programming,Computer programming,1178
327,https://en.wikipedia.org/wiki/Decision_support_system,Decision support system,987
328,https://en.wikipedia.org/wiki/Interpreter_(computing),Interpreter (computing),2138
329,https://en.wikipedia.org/wiki/Software_maintenance,Software maintenance,586
330,https://en.wikipedia.org/wiki/Software_framework,Software framework,545
331,https://en.wikipedia.org/wiki/Security_service_(telecommunication),Security service (telecommunication),347
332,https://en.wikipedia.org/wiki/Claude_Shannon,Claude Shannon,1710
333,https://en.wikipedia.org/wiki/Deductive_reasoning,Deductive reasoning,3625
334,https://en.wikipedia.org/wiki/Glossary_of_genetics_and_evolutionary_biology,Glossary of genetics and evolutionary biology,251
335,https://en.wikipedia.org/wiki/Glossary_of_civil_engineering,Glossary of civil engineering,77
336,https://en.wikipedia.org/wiki/Image_compression,Image compression,433
337,https://en.wikipedia.org/wiki/Computational_learning_theory,Computational learning theory,187
338,https://en.wikipedia.org/wiki/Philosophy_of_computer_science,Philosophy of computer science,208
339,https://en.wikipedia.org/wiki/Formal_methods,Formal methods,990
340,https://en.wikipedia.org/wiki/Category:History_of_computing,Category:History of computing,13
341,https://en.wikipedia.org/wiki/Computer_engineering,Computer engineering,1489
342,https://en.wikipedia.org/wiki/Metamodeling,Metamodeling,319
343,https://en.wikipedia.org/wiki/Glossary_of_physics,Glossary of physics,216
344,https://en.wikipedia.org/wiki/Thomas_J._Watson_Research_Center,Thomas J. Watson Research Center,619
345,https://en.wikipedia.org/wiki/Glossary_of_Arabic_toponyms,Glossary of Arabic toponyms,23
346,https://en.wikipedia.org/wiki/Pattern_recognition,Pattern recognition,1573
347,https://en.wikipedia.org/wiki/Jacquard_loom,Jacquard machine,1048
348,https://en.wikipedia.org/wiki/Cryptographic_hash_function,Cryptographic hash function,2590
349,https://en.wikipedia.org/wiki/Supervised_learning,Supervised learning,1157
350,https://en.wikipedia.org/wiki/Computer_accessibility,Computer accessibility,1080
351,https://en.wikipedia.org/wiki/Software_design,Software design,466
352,https://en.wikipedia.org/wiki/Logic,Logic,5042
353,https://en.wikipedia.org/wiki/Open-source_software,Open-source software,3841
354,https://en.wikipedia.org/wiki/Waterfall_model,Waterfall model,759
355,https://en.wikipedia.org/wiki/Category:Software_engineering,Category:Software engineering,45
356,https://en.wikipedia.org/wiki/Computer_hardware,Computer hardware,1443
357,https://en.wikipedia.org/wiki/Computing_Machinery_and_Intelligence,Computing Machinery and Intelligence,940
358,https://en.wikipedia.org/wiki/Scientific_computing,Computational science,1103
359,https://en.wikipedia.org/wiki/Correctness_(computer_science),Correctness (computer science),241
360,https://en.wikipedia.org/wiki/Human%E2%80%93computer_interaction,Human–computer interaction,1522
361,https://en.wikipedia.org/wiki/Computing,Computing,1736
362,https://en.wikipedia.org/wiki/Computational_physics,Computational physics,454
363,https://en.wikipedia.org/wiki/Category:Formal_sciences,Category:Formal sciences,13
364,https://en.wikipedia.org/wiki/Turing_test,Turing test,4091
365,https://en.wikipedia.org/wiki/Abacus,Abacus,2164
366,https://en.wikipedia.org/wiki/Ontology_(information_science),Ontology (information science),1112
367,https://en.wikipedia.org/wiki/Category:Computer_science,Category:Computer science,13
368,https://en.wikipedia.org/wiki/Network_architecture,Network architecture,192
369,https://en.wikipedia.org/wiki/History_of_the_Internet,History of the Internet,7572
370,https://en.wikipedia.org/wiki/Model-driven_engineering,Model-driven engineering,289
371,https://en.wikipedia.org/wiki/Integrated_circuit,Integrated circuit,3350
372,https://en.wikipedia.org/wiki/Glossary_of_scientific_naming,Glossary of scientific naming,150
373,https://en.wikipedia.org/wiki/Psychoinformatics,Psychoinformatics,77
374,https://en.wikipedia.org/wiki/Information_model,Information model,754
375,https://en.wikipedia.org/wiki/Fred_Brooks,Fred Brooks,347
376,https://en.wikipedia.org/wiki/Dependability,Dependability,591
377,https://en.wikipedia.org/wiki/Slavic_languages,Slavic languages,2104
378,https://en.wikipedia.org/wiki/Spiral_model,Spiral model,584
379,https://en.wikipedia.org/wiki/Systems_architecture,Systems architecture,187
380,https://en.wikipedia.org/wiki/A_level,A-level,1499
381,https://en.wikipedia.org/wiki/Parallel_computing,Parallel computing,3517
382,https://en.wikipedia.org/wiki/Symbolic_computation,Computer algebra,1218
383,https://en.wikipedia.org/wiki/R._Anthony_Hyman,R. Anthony Hyman,106
384,https://en.wikipedia.org/wiki/DevOps,DevOps,719
385,https://en.wikipedia.org/wiki/Telecommunications,Telecommunications,3901
386,https://en.wikipedia.org/wiki/Unified_Modeling_Language,Unified Modeling Language,856
387,https://en.wikipedia.org/wiki/Wayback_Machine,Wayback Machine,2054
388,https://en.wikipedia.org/wiki/Scrum_(software_development),Scrum (software development),1439
389,https://en.wikipedia.org/wiki/Computational_mathematics,Computational mathematics,76
390,https://en.wikipedia.org/wiki/Speech_synthesis,Speech synthesis,3884
391,https://en.wikipedia.org/wiki/Programming_language#Elements,Programming language,3123
392,https://en.wikipedia.org/wiki/Visualization_(graphics),Visualization (graphics),1226
393,https://en.wikipedia.org/wiki/Glossary_of_geography_terms_(A%E2%80%93M),Glossary of geography terms (A–M),493
394,https://en.wikipedia.org/wiki/Econet,Econet,1271
395,https://en.wikipedia.org/wiki/Glossary_of_astronomy,Glossary of astronomy,322
396,https://en.wikipedia.org/wiki/Glossary_of_computer_science,Glossary of computer science,193
397,https://en.wikipedia.org/wiki/Philosophy_of_artificial_intelligence,Philosophy of artificial intelligence,2674
398,https://en.wikipedia.org/wiki/Glossary_of_engineering:_M%E2%80%93Z,Glossary of engineering: M–Z,16
399,https://en.wikipedia.org/wiki/Logic_in_computer_science,Logic in computer science,545
400,https://en.wikipedia.org/wiki/Computability_theory,Computability theory,2598
401,https://en.wikipedia.org/wiki/Models_of_computation,Model of computation,134
402,https://en.wikipedia.org/wiki/Category:Articles_with_short_description,Category:Articles with short description,28
403,https://en.wikipedia.org/wiki/Fluid_dynamics,Fluid dynamics,1630
404,https://en.wikipedia.org/wiki/Wikipedia:Protection_policy#semi,Wikipedia:Protection policy,2437
405,https://en.wikipedia.org/wiki/Quantum_Computing,Quantum computing,3951
406,https://en.wikipedia.org/wiki/History_of_compiler_construction,History of compiler construction,2511
407,https://en.wikipedia.org/wiki/Executable_UML,Executable UML,672
408,https://en.wikipedia.org/wiki/Integrated_development_environment,Integrated development environment,1030
409,https://en.wikipedia.org/wiki/Mathematical_optimization,Mathematical optimization,1914
410,https://en.wikipedia.org/wiki/Data_transmission,Data communication,932
411,https://en.wikipedia.org/wiki/Oxford_University_Press,Oxford University Press,2306
412,https://en.wikipedia.org/wiki/Rendering_(computer_graphics),Rendering (computer graphics),2176
413,https://en.wikipedia.org/wiki/Process_control,Industrial process control,1011
414,https://en.wikipedia.org/wiki/Artificial_intelligence,Artificial intelligence,6293
415,https://en.wikipedia.org/wiki/Automation,Automation,5062
416,https://en.wikipedia.org/wiki/Turing_machine,Turing machine,2955
417,https://en.wikipedia.org/wiki/Iterative_and_incremental_development,Iterative and incremental development,699
418,https://en.wikipedia.org/wiki/Category:CS1_German-language_sources_(de),Category:CS1 German-language sources (de),33
419,https://en.wikipedia.org/wiki/Operating_system,Operating system,5651
420,https://en.wikipedia.org/wiki/Semiotics,Semiotics,3224
421,https://en.wikipedia.org/wiki/S2CID_(identifier),Semantic Scholar,423
422,https://en.wikipedia.org/wiki/Peripheral,Peripheral,60
423,https://en.wikipedia.org/wiki/Digital_library,Digital library,2266
424,https://en.wikipedia.org/wiki/Structured_programming,Structured programming,1534
425,https://en.wikipedia.org/wiki/Software_deployment,Software deployment,256
426,https://en.wikipedia.org/wiki/Mathematical_analysis,Mathematical analysis,1362
427,https://en.wikipedia.org/wiki/Herbert_A._Simon,Herbert A. Simon,2089
428,https://en.wikipedia.org/wiki/Category:Wikipedia_pages_semi-protected_against_vandalism,Category:Wikipedia pages semi-protected against vandalism,102
429,https://en.wikipedia.org/wiki/Supercomputer,Supercomputer,2859
430,https://en.wikipedia.org/wiki/Bioinformatics,Bioinformatics,3076
431,https://en.wikipedia.org/wiki/Applied_science,Applied science,615
432,https://en.wikipedia.org/wiki/Signal_processing,Signal processing,439
433,https://en.wikipedia.org/wiki/Computer_data_storage,Computer data storage,2318
434,https://en.wikipedia.org/wiki/Interaction_design,Interaction design,661
435,https://en.wikipedia.org/wiki/History_of_Unix,History of Unix,2803
436,https://en.wikipedia.org/wiki/History_of_laptops,History of laptops,1648
437,https://en.wikipedia.org/wiki/Data_modeling,Data modeling,934
438,https://en.wikipedia.org/wiki/List_of_computer_science_awards,List of computer science awards,95
439,https://en.wikipedia.org/wiki/Computer_vision,Computer vision,2298
440,https://en.wikipedia.org/wiki/Algorithm,Algorithm,4129
441,https://en.wikipedia.org/wiki/New_York_City,New York City,9215
442,https://en.wikipedia.org/wiki/System_on_a_chip,System on a chip,2496
443,https://en.wikipedia.org/wiki/Knowledge_representation_and_reasoning,Knowledge representation and reasoning,1711
444,https://en.wikipedia.org/wiki/Computational_problem,Computational problem,359
445,https://en.wikipedia.org/wiki/Functional_programming,Functional programming,2663
446,https://en.wikipedia.org/wiki/Columbia_University,Columbia University,6133
447,https://en.wikipedia.org/wiki/Component-based_software_engineering,Component-based software engineering,309
448,https://en.wikipedia.org/wiki/John_von_Neumann,John von Neumann,8402
449,https://en.wikipedia.org/wiki/CSAB_(professional_organization),CSAB (professional organization),109
450,https://en.wikipedia.org/wiki/Artificial_neural_network,Neural network (machine learning),4593
451,https://en.wikipedia.org/wiki/Rapid_application_development,Rapid application development,456
452,https://en.wikipedia.org/wiki/Batch_processing,Batch processing,871
453,https://en.wikipedia.org/wiki/Algorithm_design,Algorithm,4129
454,https://en.wikipedia.org/wiki/Software_development_process,Software development process,1425
455,https://en.wikipedia.org/wiki/Enterprise_architecture,Enterprise architecture,1057
456,https://en.wikipedia.org/wiki/Computer_security,Computer security,6483
457,https://en.wikipedia.org/wiki/Algorithmic_game_theory,Algorithmic game theory,494
458,https://en.wikipedia.org/wiki/IBM,IBM,3757
459,https://en.wikipedia.org/wiki/Glossary_of_archaeology,Glossary of archaeology,8
460,https://en.wikipedia.org/wiki/Network_protocol,Communication protocol,2593
461,https://en.wikipedia.org/wiki/P_versus_NP_problem,P versus NP problem,2885
462,https://en.wikipedia.org/wiki/Glossary_of_architecture,Glossary of architecture,3
463,https://en.wikipedia.org/wiki/Difference_Engine,Difference engine,1334
464,https://en.wikipedia.org/wiki/Glossary_of_nanotechnology,Glossary of nanotechnology,29
465,https://en.wikipedia.org/wiki/BBC_Model_B,BBC Micro,3814
466,https://en.wikipedia.org/wiki/Speech_recognition,Speech recognition,4281
467,https://en.wikipedia.org/wiki/Systems_development_life_cycle,Systems development life cycle,1351
468,https://en.wikipedia.org/wiki/Bernoulli_number,Bernoulli number,3021
469,https://en.wikipedia.org/wiki/Greek_language,Greek language,1569
470,https://en.wikipedia.org/wiki/Computer_scientist,Computer scientist,449
471,https://en.wikipedia.org/wiki/Graphics_processing_unit,Graphics processing unit,3255
472,https://en.wikipedia.org/wiki/Computational_linguistics,Computational linguistics,277
473,https://en.wikipedia.org/wiki/Wikipedia:WikiProject_Lists#Dynamic_lists,Wikipedia:WikiProject Lists,418
474,https://en.wikipedia.org/wiki/History_of_computer_hardware_in_Bulgaria,History of computer hardware in Bulgaria,120
475,https://en.wikipedia.org/wiki/Probability,Probability,1972
476,https://en.wikipedia.org/wiki/Aerospace_engineering,Aerospace engineering,626
477,https://en.wikipedia.org/wiki/Agile_software_development,Agile software development,3464
478,https://en.wikipedia.org/wiki/Real-time_computing,Real-time computing,1277
479,https://en.wikipedia.org/wiki/Software_incompatibility,Software incompatibility,433
480,https://en.wikipedia.org/wiki/Glossary_of_areas_of_mathematics,Glossary of areas of mathematics,68
481,https://en.wikipedia.org/wiki/Encryption,Encryption,1503
482,https://en.wikipedia.org/wiki/CiteSeerX_(identifier),CiteSeerX,652
483,https://en.wikipedia.org/wiki/Printed_circuit_board,Printed circuit board,4990
484,https://en.wikipedia.org/wiki/Category:Articles_with_BNE_identifiers,Category:Articles with BNE identifiers,13
485,https://en.wikipedia.org/wiki/IDEF,IDEF,1301
486,https://en.wikipedia.org/wiki/Punched_card,Punched card,2183
487,https://en.wikipedia.org/wiki/Systems_analysis,Systems analysis,314
488,https://en.wikipedia.org/wiki/Category:Use_mdy_dates_from_October_2017,Category:Use mdy dates from October 2017,57
489,https://en.wikipedia.org/wiki/Information_science,Information science,2300
490,https://en.wikipedia.org/wiki/Analytical_Engine,Analytical engine,1095
491,https://en.wikipedia.org/wiki/Glossary_of_engineering:_A%E2%80%93L,Glossary of engineering: A–L,59
492,https://en.wikipedia.org/wiki/Halting_problem,Halting problem,2438
493,https://en.wikipedia.org/wiki/E-commerce,E-commerce,2601
494,https://en.wikipedia.org/wiki/Timeline_of_computing_1980%E2%80%931989,Timeline of computing 1980–1989,405
495,https://en.wikipedia.org/wiki/Digital_computer,Computer,5108
496,https://en.wikipedia.org/wiki/Millennium_Prize_Problems,Millennium Prize Problems,916
497,https://en.wikipedia.org/wiki/Round-trip_engineering,Round-trip engineering,623
498,https://en.wikipedia.org/wiki/Computational_social_science,Computational social science,274
499,https://en.wikipedia.org/wiki/Computer_science_education,Computing education,842
500,https://en.wikipedia.org/wiki/Glossary_of_calculus,Glossary of calculus,67
501,https://en.wikipedia.org/wiki/Category_theory,Category theory,962
502,https://en.wikipedia.org/wiki/Systems_engineering,Systems engineering,2165
503,https://en.wikipedia.org/wiki/Embedded_system,Embedded system,2235
504,https://en.wikipedia.org/wiki/List_of_computer_science_conferences,List of computer science conferences,196
505,https://en.wikipedia.org/wiki/Glossary_of_entomology_terms,Glossary of entomology terms,10
506,https://en.wikipedia.org/wiki/Requirements_engineering,Requirements engineering,191
507,https://en.wikipedia.org/wiki/ENIAC,ENIAC,2276
508,https://en.wikipedia.org/wiki/Autonomic_computing,Autonomic computing,683
509,https://en.wikipedia.org/wiki/Service-oriented_programming,Service-oriented programming,1607
510,https://en.wikipedia.org/wiki/Hardware_acceleration,Hardware acceleration,778
511,https://en.wikipedia.org/wiki/Category:Pages_using_Sister_project_links_with_wikidata_namespace_mismatch,Category:Pages using Sister project links with wikidata namespace mismatch,10
512,https://en.wikipedia.org/wiki/Signal_detection_theory,Detection theory,1327
513,https://en.wikipedia.org/wiki/Ubiquitous_computing,Ubiquitous computing,996
514,https://en.wikipedia.org/wiki/Security_hacker,Security hacker,1191
515,https://en.wikipedia.org/wiki/History_of_the_graphical_user_interface,History of the graphical user interface,3687
516,https://en.wikipedia.org/wiki/Medical_informatics,Health informatics,5034
517,https://en.wikipedia.org/wiki/Scientific_modelling,Scientific modelling,889
518,https://en.wikipedia.org/wiki/Universal_Systems_Language,Universal Systems Language,164
519,https://en.wikipedia.org/wiki/Glossary_of_economics,Glossary of economics,517
520,https://en.wikipedia.org/wiki/Word_processor,Word processor,1269
521,https://en.wikipedia.org/wiki/Peter_Wegner,Peter Wegner,145
522,https://en.wikipedia.org/wiki/Floating-point_arithmetic,Floating-point arithmetic,4285
523,https://en.wikipedia.org/wiki/Category:Articles_with_GND_identifiers,Category:Articles with GND identifiers,13
524,https://en.wikipedia.org/wiki/Mixed_reality,Mixed reality,1684
525,https://en.wikipedia.org/wiki/Category:Articles_with_BNFdata_identifiers,Category:Articles with BNFdata identifiers,13
526,https://en.wikipedia.org/wiki/Simulation,Simulation,5268
527,https://en.wikipedia.org/wiki/Software_development,Software development,1029
528,https://en.wikipedia.org/wiki/Mathematical_logic,Mathematical logic,3676
529,https://en.wikipedia.org/wiki/Data_structures,Data structure,405
530,https://en.wikipedia.org/wiki/Charles_Xavier_Thomas,Charles Xavier Thomas,267
531,https://en.wikipedia.org/wiki/History_of_computing_hardware_(1960s%E2%80%93present),History of computing hardware (1960s–present),2099
532,https://en.wikipedia.org/wiki/Structured_analysis,Structured analysis,1125
533,https://en.wikipedia.org/wiki/Turing_Award,Turing Award,111
534,https://en.wikipedia.org/wiki/Glossary_of_meteorology,Glossary of meteorology,448
535,https://en.wikipedia.org/wiki/Corrado_B%C3%B6hm,Corrado Böhm,155
536,https://en.wikipedia.org/wiki/Cognitive_science,Cognitive science,2805
537,https://en.wikipedia.org/wiki/Punched_cards,Punched card,2183
538,https://en.wikipedia.org/wiki/Abstraction_(computer_science),Abstraction (computer science),1611
539,https://en.wikipedia.org/wiki/Service-oriented_architecture,Service-oriented architecture,1376
540,https://en.wikipedia.org/wiki/Distributed_artificial_intelligence,Distributed artificial intelligence,368
541,https://en.wikipedia.org/wiki/Software_architecture,Software architecture,1567
542,https://en.wikipedia.org/wiki/Cellular_automata,Cellular automaton,2642
543,https://en.wikipedia.org/wiki/Database,Database,3985
544,https://en.wikipedia.org/wiki/Quantum_computer,Quantum computing,3951
545,https://en.wikipedia.org/wiki/Query_language,Query language,74
546,https://en.wikipedia.org/wiki/Glossary_of_Hebrew_toponyms,Glossary of Hebrew toponyms,12
547,"https://en.wikipedia.org/wiki/School_of_Informatics,_University_of_Edinburgh","School of Informatics, University of Edinburgh",416
548,https://en.wikipedia.org/wiki/Samuel_Morse,Samuel Morse,2678
549,https://en.wikipedia.org/wiki/Programming_team,Programming team,356
550,https://en.wikipedia.org/wiki/Computer_architecture,Computer architecture,1163
551,https://en.wikipedia.org/wiki/Social_software,Social software,3188
552,https://en.wikipedia.org/wiki/Multimedia_database,Multimedia database,192
553,https://en.wikipedia.org/wiki/Software_system,Software system,219
554,https://en.wikipedia.org/wiki/Paper_tape,Punched tape,1662
555,https://en.wikipedia.org/wiki/Computational_complexity_theory,Computational complexity theory,2834
556,https://en.wikipedia.org/wiki/Empirical_software_engineering,Empirical software engineering,68
557,https://en.wikipedia.org/wiki/Glossary_of_cellular_and_molecular_biology_(0%E2%80%93L),Glossary of cellular and molecular biology (0–L),337
558,https://en.wikipedia.org/wiki/Capability_Maturity_Model_Integration,Capability Maturity Model Integration,975
559,https://en.wikipedia.org/wiki/Systems_modeling,Systems modeling,318
560,https://en.wikipedia.org/wiki/Systems_modeling_language,Systems modeling language,554
561,https://en.wikipedia.org/wiki/Tabulating_machine,Tabulating machine,871
562,https://en.wikipedia.org/wiki/Processor_design,Processor design,818
563,https://en.wikipedia.org/wiki/Linguistics,Linguistics,3276
564,https://en.wikipedia.org/wiki/Natural_language_processing,Natural language processing,727
565,https://en.wikipedia.org/wiki/Computer_Science_Teachers_Association,Computer Science Teachers Association,304
566,https://en.wikipedia.org/wiki/Category:Articles_with_J9U_identifiers,Category:Articles with J9U identifiers,13
567,https://en.wikipedia.org/wiki/History_of_computing_in_Romania,History of computing in Romania,138
568,https://en.wikipedia.org/wiki/Functional_specification,Functional specification,305
569,https://en.wikipedia.org/wiki/Science,Science,4064
570,https://en.wikipedia.org/wiki/Educational_technology,Educational technology,7463
571,https://en.wikipedia.org/wiki/Glossary_of_mechanical_engineering,Glossary of mechanical engineering,47
572,https://en.wikipedia.org/wiki/Theory_of_computation,Theory of computation,626
573,https://en.wikipedia.org/wiki/Life-critical_system,Safety-critical system,327
574,https://en.wikipedia.org/wiki/ISO/IEC_15504,ISO/IEC 15504,980
575,https://en.wikipedia.org/wiki/Cambridge_University_Press,Cambridge University Press,1616
576,https://en.wikipedia.org/wiki/Virtual_machine,virtual machine,1139
577,https://en.wikipedia.org/wiki/Purdue_University,Purdue University,3971
578,https://en.wikipedia.org/wiki/Information_engineering_(field),Information engineering,369
579,https://en.wikipedia.org/wiki/Search-based_software_engineering,Search-based software engineering,539
580,https://en.wikipedia.org/wiki/Combinatorial_optimization,Combinatorial optimization,483
581,https://en.wikipedia.org/wiki/Forward_compatibility,Forward compatibility,408
582,https://en.wikipedia.org/wiki/Glossary_of_robotics,Glossary of robotics,51
583,https://en.wikipedia.org/wiki/Code,Code,960
584,https://en.wikipedia.org/wiki/Taylor_%26_Francis,Taylor & Francis,704
585,https://en.wikipedia.org/wiki/Programming_language,Programming language,3123
586,https://en.wikipedia.org/wiki/Peter_Naur,Peter Naur,359
587,https://en.wikipedia.org/wiki/Computational_finance,Computational finance,287
588,https://en.wikipedia.org/wiki/History_of_artificial_intelligence,History of artificial intelligence,5163
589,https://en.wikipedia.org/wiki/Health_informatics,Health informatics,5034
590,https://en.wikipedia.org/wiki/Alonzo_Church,Alonzo Church,531
591,https://en.wikipedia.org/wiki/Theodore_Gray,Theodore Gray,271
592,https://en.wikipedia.org/wiki/ARPAnet,ARPANET,2737
593,https://en.wikipedia.org/wiki/Social_media,Social media,10035
594,https://en.wikipedia.org/wiki/Louise_Freer_Hall,Louise Freer Hall,119
595,"https://en.wikipedia.org/wiki/University_of_California,_San_Diego","University of California, San Diego",4816
596,https://en.wikipedia.org/wiki/Wikipedia:Citation_needed,Wikipedia:Citation needed,199
597,https://en.wikipedia.org/wiki/Land-grant_university,Land-grant university,1043
598,https://en.wikipedia.org/wiki/PLATO_System,PLATO (computer system),3124
599,https://en.wikipedia.org/wiki/Playboy_Enterprises,PLBY Group,621
600,"https://en.wikipedia.org/wiki/New_Orleans,_Louisiana",New Orleans,9493
601,https://en.wikipedia.org/wiki/Georgia_Institute_of_Technology,Georgia Tech,5589
602,https://en.wikipedia.org/wiki/Robert_Zuppke,Robert Zuppke,220
603,https://en.wikipedia.org/wiki/Illinois_Public_Media,Illinois Public Media,262
604,https://en.wikipedia.org/wiki/Notre_Dame_Fighting_Irish_men%27s_ice_hockey,Notre Dame Fighting Irish men's ice hockey,823
605,https://en.wikipedia.org/wiki/Illinois_State_University,Illinois State University,1528
606,https://en.wikipedia.org/wiki/University_of_Illinois_at_Chicago,University of Illinois Chicago,2395
607,https://en.wikipedia.org/wiki/Vanderbilt_University,Vanderbilt University,4971
608,https://en.wikipedia.org/wiki/Students_for_Justice_in_Palestine,Students for Justice in Palestine,1879
609,https://en.wikipedia.org/wiki/Red_Diapers:_Growing_Up_in_the_Communist_Left,Red Diapers,77
610,https://en.wikipedia.org/wiki/Screen_sharing,Remote desktop software,474
611,https://en.wikipedia.org/wiki/Case_Western_Reserve_University,Case Western Reserve University,3454
612,https://en.wikipedia.org/wiki/Marching_Illini,Marching Illini,1812
613,https://en.wikipedia.org/wiki/Tina_Weedon_Smith_Memorial_Hall,Tina Weedon Smith Memorial Hall,441
614,https://en.wikipedia.org/wiki/University_of_Vermont,University of Vermont,2984
615,https://en.wikipedia.org/wiki/Chancellor_(education),Chancellor (education),2592
616,https://en.wikipedia.org/wiki/Inman_Hotel,Inman Hotel,88
617,https://en.wikipedia.org/wiki/American_Philosophical_Quarterly,American Philosophical Quarterly,46
618,https://en.wikipedia.org/wiki/List_of_Big_Ten_Conference_national_championships,List of Big Ten Conference national championships,990
619,https://en.wikipedia.org/wiki/Illinois_Solar_Decathlon,Illinois Solar Decathlon,813
620,https://en.wikipedia.org/wiki/The_Center_for_Measuring_University_Performance,Center for Measuring University Performance,119
621,https://en.wikipedia.org/wiki/Public_Affairs_Quarterly,Public Affairs Quarterly,60
622,https://en.wikipedia.org/wiki/Studies_of_the_Book_of_Mormon,Studies of the Book of Mormon,994
623,https://en.wikipedia.org/wiki/Carlos_Montezuma,Carlos Montezuma,779
624,https://en.wikipedia.org/wiki/Construction_of_Assembly_Hall_(Champaign),Construction of Assembly Hall (Champaign),863
625,https://en.wikipedia.org/wiki/Bulletin_of_the_Council_for_Research_in_Music_Education,Bulletin of the Council for Research in Music Education,235
626,https://en.wikipedia.org/wiki/Illinois%E2%80%93Missouri_football_rivalry,Illinois–Missouri football rivalry,178
627,https://en.wikipedia.org/wiki/George_Halas,George Halas,1685
628,https://en.wikipedia.org/wiki/MBA,Master of Business Administration,3443
629,https://en.wikipedia.org/wiki/Illinois_Journal_of_Mathematics,Illinois Journal of Mathematics,69
630,https://en.wikipedia.org/wiki/Firefox,Firefox,4594
631,https://en.wikipedia.org/wiki/Illinois_Traction_Building,Illinois Traction Building,221
632,"https://en.wikipedia.org/wiki/Category:Tourist_attractions_in_Champaign_County,_Illinois","Category:Tourist attractions in Champaign County, Illinois",13
633,https://en.wikipedia.org/wiki/University_libraries_in_the_United_States,University libraries in the United States,242
634,https://en.wikipedia.org/wiki/Round_Barns_in_Illinois_Thematic_Resources,Round barns in Illinois,470
635,https://en.wikipedia.org/wiki/Grainger_College_of_Engineering,Grainger College of Engineering,405
636,https://en.wikipedia.org/wiki/Project_Gutenberg,Project Gutenberg,1167
637,https://en.wikipedia.org/wiki/The_Philosophic_Thought_of_Ayn_Rand,The Philosophic Thought of Ayn Rand,250
638,https://en.wikipedia.org/wiki/Economic_diversity,Economic diversity,50
639,https://en.wikipedia.org/wiki/Chief_Software_Architect,Systems architect,1157
640,https://en.wikipedia.org/wiki/Safari_(web_browser),Safari (web browser),2828
641,https://en.wikipedia.org/wiki/E-mail,Email,2378
642,https://en.wikipedia.org/wiki/University_of_Pittsburgh,University of Pittsburgh,5297
643,https://en.wikipedia.org/wiki/American_Airlines,American Airlines,2537
644,https://en.wikipedia.org/wiki/Plasma_(physics),Plasma (physics),1952
645,https://en.wikipedia.org/wiki/Arizona_Diamondbacks,Arizona Diamondbacks,1599
646,https://en.wikipedia.org/wiki/Ecuador,Ecuador,7309
647,https://en.wikipedia.org/wiki/Category:Use_American_English_from_October_2019,Category:Use American English from October 2019,26
648,https://en.wikipedia.org/wiki/Research_Park_at_the_University_of_Illinois_Urbana-Champaign,Research Park at the University of Illinois Urbana-Champaign,423
649,https://en.wikipedia.org/wiki/Unofficial_Saint_Patrick%27s_Day,Unofficial Saint Patrick's Day,387
650,https://en.wikipedia.org/wiki/Western_Illinois_University,Western Illinois University,784
651,https://en.wikipedia.org/wiki/Stony_Brook_University,Stony Brook University,4473
652,https://en.wikipedia.org/wiki/John_Hancock_Center,John Hancock Center,1571
653,https://en.wikipedia.org/wiki/Illinois%E2%80%93Purdue_football_rivalry,Illinois–Purdue football rivalry,105
654,https://en.wikipedia.org/wiki/Grainger_Engineering_Library,Grainger Engineering Library,765
655,https://en.wikipedia.org/wiki/Million,"1,000,000",122
656,https://en.wikipedia.org/wiki/UIUC_College_of_Fine_and_Applied_Arts,University of Illinois College of Fine and Applied Arts,218
657,https://en.wikipedia.org/wiki/The_Guardian,The Guardian,6129
658,https://en.wikipedia.org/wiki/Olympic_Games,Olympic Games,6800
659,https://en.wikipedia.org/wiki/Electron,Electron,4833
660,https://en.wikipedia.org/wiki/National_Collegiate_Athletic_Association,National Collegiate Athletic Association,6025
661,https://en.wikipedia.org/wiki/Multiracial_Americans,Multiracial Americans,5115
662,https://en.wikipedia.org/wiki/U.S._Route_150,U.S. Route 150,369
663,https://en.wikipedia.org/wiki/University_of_Illinois_Global_Campus,University of Illinois Global Campus,162
664,https://en.wikipedia.org/wiki/American_Collegiate_Hockey_Association,American Collegiate Hockey Association,1225
665,https://en.wikipedia.org/wiki/People%27s_Bank_of_China,People's Bank of China,710
666,https://en.wikipedia.org/wiki/Touchscreen,Touchscreen,5764
667,https://en.wikipedia.org/wiki/University_of_Illinois_Urbana-Champaign_University_Library,University of Illinois Urbana-Champaign University Library,1812
668,https://en.wikipedia.org/wiki/Category:Articles_with_unsourced_statements_from_December_2016,Category:Articles with unsourced statements from December 2016,40
669,https://en.wikipedia.org/wiki/Category:Official_website_different_in_Wikidata_and_Wikipedia,Category:Official website different in Wikidata and Wikipedia,10
670,https://en.wikipedia.org/wiki/Plebiscite,Referendum,1167
671,"https://en.wikipedia.org/wiki/University_of_California,_Berkeley","University of California, Berkeley",5081
672,https://en.wikipedia.org/wiki/Altgeld_Hall,Altgeld Hall,571
673,https://en.wikipedia.org/wiki/Astronomical_Observatory_(University_of_Illinois_Urbana-Champaign),Astronomical Observatory (University of Illinois Urbana-Champaign),1806
674,https://en.wikipedia.org/wiki/U.S._News_%26_World_Report,U.S. News & World Report,1020
675,https://en.wikipedia.org/wiki/Research_university,Research university,615
676,https://en.wikipedia.org/wiki/Michigan_State_University,Michigan State University,6249
677,https://en.wikipedia.org/wiki/Delta_Air_Lines,Delta Air Lines,2174
678,https://en.wikipedia.org/wiki/Bachelor_of_Science,Bachelor of Science,1633
679,https://en.wikipedia.org/wiki/Florida_International_University,Florida International University,4661
680,https://en.wikipedia.org/wiki/Burnham_Athenaeum,Burnham Athenaeum,93
681,https://en.wikipedia.org/wiki/University_of_Nebraska%E2%80%93Lincoln,University of Nebraska–Lincoln,4808
682,https://en.wikipedia.org/wiki/Public_Ivy,Public Ivy,215
683,https://en.wikipedia.org/wiki/Graduate_Employees%27_Organization,Graduate Employees' Organization,853
684,https://en.wikipedia.org/wiki/Massachusetts_Institute_of_Technology,Massachusetts Institute of Technology,5871
685,https://en.wikipedia.org/wiki/Russel_Simmons,Russel Simmons,50
686,https://en.wikipedia.org/wiki/Mortenson_Center_for_International_Library_Programs,Mortenson Center for International Library Programs,78
687,"https://en.wikipedia.org/wiki/Savoy,_Illinois","Savoy, Illinois",250
688,https://en.wikipedia.org/wiki/Spurlock_Museum,Spurlock Museum,438
689,https://en.wikipedia.org/wiki/Cornell_University,Cornell University,6290
690,https://en.wikipedia.org/wiki/Lorado_Taft,Lorado Taft,699
691,https://en.wikipedia.org/wiki/PLATO_(computer_system),PLATO (computer system),3124
692,https://en.wikipedia.org/wiki/Thomas_M._Siebel_Center_for_Computer_Science,Thomas M. Siebel Center for Computer Science,94
693,https://en.wikipedia.org/wiki/Lew_Allen,Lew Allen,628
694,https://en.wikipedia.org/wiki/Home_cinema,Home cinema,1744
695,"https://en.wikipedia.org/wiki/University_of_California,_Riverside","University of California, Riverside",3147
696,https://en.wikipedia.org/wiki/Intel,Intel,7733
697,https://en.wikipedia.org/wiki/BP,BP,8813
698,https://en.wikipedia.org/wiki/Georgia_Tech,Georgia Tech,5589
699,https://en.wikipedia.org/wiki/George_Washington_University,George Washington University,5190
700,"https://en.wikipedia.org/wiki/United_States_Post_Office_(Champaign,_Illinois)","United States Post Office (Champaign, Illinois)",107
701,https://en.wikipedia.org/wiki/Purdue_Boilermakers,Purdue Boilermakers,1436
702,https://en.wikipedia.org/wiki/Affluence_in_the_United_States,Affluence in the United States,2721
703,https://en.wikipedia.org/wiki/Big_Ten_Network,Big Ten Network,1562
704,https://en.wikipedia.org/wiki/Non-Hispanic_whites,Non-Hispanic whites,1112
705,https://en.wikipedia.org/wiki/District_of_Columbia,"Washington, D.C.",8042
706,https://en.wikipedia.org/wiki/Illinois%E2%80%93Northwestern_football_rivalry,Illinois–Northwestern football rivalry,302
707,https://en.wikipedia.org/wiki/Nebraska_Cornhuskers,Nebraska Cornhuskers,2474
708,https://en.wikipedia.org/wiki/Vikram_Adve,Vikram Adve,141
709,https://en.wikipedia.org/wiki/Advanced_Micro_Devices,AMD,4589
710,https://en.wikipedia.org/wiki/Arnold_Orville_Beckman,Arnold Beckman,3125
711,https://en.wikipedia.org/wiki/Ohio_Stadium,Ohio Stadium,1236
712,https://en.wikipedia.org/wiki/Ray_Ozzie,Ray Ozzie,339
713,https://en.wikipedia.org/wiki/Quantum_well_laser,Quantum well laser,829
714,https://en.wikipedia.org/wiki/Campus_of_the_University_of_Illinois_Urbana-Champaign#Residence_halls,Campus of the University of Illinois Urbana-Champaign,3236
715,https://en.wikipedia.org/wiki/Stanford_University,Stanford University,3993
716,https://en.wikipedia.org/wiki/Big_Ten_Conference,Big Ten Conference,4850
717,"https://en.wikipedia.org/wiki/University_Laboratory_High_School_(Urbana,_Illinois)","University Laboratory High School (Urbana, Illinois)",2455
718,"https://en.wikipedia.org/wiki/Jackson,_Mississippi","Jackson, Mississippi",4048
719,https://en.wikipedia.org/wiki/Avery_Brundage,Avery Brundage,6742
720,https://en.wikipedia.org/wiki/Midwest_Professional_Basketball_Association,Midwest Professional Basketball Association,782
721,https://en.wikipedia.org/wiki/Ang_Lee,Ang Lee,2153
722,https://en.wikipedia.org/wiki/American_middle_class,American middle class,2602
723,https://en.wikipedia.org/wiki/Picture_language,Picture language,91
724,https://en.wikipedia.org/wiki/John_Cioffi,John Cioffi,299
725,https://en.wikipedia.org/wiki/University_of_Illinois_College_of_Fine_and_Applied_Arts,University of Illinois College of Fine and Applied Arts,218
726,https://en.wikipedia.org/wiki/Stephen_Wolfram,Stephen Wolfram,782
727,https://en.wikipedia.org/wiki/Geographic_coordinate_system,Geographic coordinate system,914
728,https://en.wikipedia.org/wiki/Fazlur_Rahman_Khan,Fazlur Rahman Khan,1868
729,https://en.wikipedia.org/wiki/Main_Library_(University_of_Illinois_Urbana%E2%80%93Champaign),Main Library (University of Illinois Urbana-Champaign),670
730,https://en.wikipedia.org/wiki/Illinois_Fighting_Illini_baseball,Illinois Fighting Illini baseball,37
731,https://en.wikipedia.org/wiki/Big_Ten_Men%27s_Ice_Hockey_Tournament,Big Ten men's ice hockey tournament,191
732,https://en.wikipedia.org/wiki/Prairie_Research_Institute,Prairie Research Institute,1103
733,https://en.wikipedia.org/wiki/Electronic_music,Electronic music,6256
734,"https://en.wikipedia.org/wiki/Champaign_County,_Illinois","Champaign County, Illinois",810
735,https://en.wikipedia.org/wiki/University_of_Illinois_Conservatory_and_Plant_Collection,University of Illinois Conservatory and Plant Collection,102
736,https://en.wikipedia.org/wiki/Memorial_Stadium_(Champaign),Memorial Stadium (University of Illinois),667
737,https://en.wikipedia.org/wiki/Scholarly_publication,Academic journal,1405
738,https://en.wikipedia.org/wiki/University_of_Oregon,University of Oregon,4085
739,https://en.wikipedia.org/wiki/Illini_Media,Illini Media,327
740,https://en.wikipedia.org/wiki/Eta_Kappa_Nu,Eta Kappa Nu,949
741,https://en.wikipedia.org/wiki/Nathan_Clifford_Ricker,Nathan Clifford Ricker,110
742,https://en.wikipedia.org/wiki/Flagship#Colleges_and_universities_in_the_United_States,Flagship,821
743,https://en.wikipedia.org/wiki/List_of_University_of_Illinois_Urbana-Champaign_people,List of University of Illinois Urbana-Champaign people,19
744,https://en.wikipedia.org/wiki/Convocation,Convocation,915
745,https://en.wikipedia.org/wiki/Yale_University,Yale University,7063
746,https://en.wikipedia.org/wiki/Indiana_Hoosiers,Indiana Hoosiers,2296
747,https://en.wikipedia.org/wiki/Lotus_Software,Lotus Software,961
748,https://en.wikipedia.org/wiki/Busey-Evans_Residence_Halls,Busey–Evans Residence Halls,146
749,https://en.wikipedia.org/wiki/Southern_Illinois_University_Edwardsville,Southern Illinois University Edwardsville,3416
750,https://en.wikipedia.org/wiki/Julius_B._Richmond,Julius B. Richmond,854
751,https://en.wikipedia.org/wiki/Miami_University,Miami University,3989
752,https://en.wikipedia.org/wiki/The_Invention_of_Art,The Invention of Art,228
753,https://en.wikipedia.org/wiki/SAT,SAT,7118
754,https://en.wikipedia.org/wiki/Max_Levchin,Max Levchin,559
755,https://en.wikipedia.org/wiki/Dave_Hyatt,Dave Hyatt,179
756,"https://en.wikipedia.org/wiki/Institute_for_Computing_in_the_Humanities,_Arts,_and_Social_Science","Institute for Computing in the Humanities, Arts, and Social Science",87
757,https://en.wikipedia.org/wiki/Lin_Chuan,Lin Chuan,226
758,https://en.wikipedia.org/wiki/Carnegie_Mellon_University,Carnegie Mellon University,4658
759,https://en.wikipedia.org/wiki/Big_Ten_women%27s_basketball_tournament,Big Ten women's basketball tournament,129
760,https://en.wikipedia.org/wiki/Yelp,Yelp,2564
761,https://en.wikipedia.org/wiki/Taiwanese_people,Taiwanese people,3251
762,https://en.wikipedia.org/wiki/Category:University_and_college_buildings_on_the_National_Register_of_Historic_Places_in_Illinois,Category:University and college buildings on the National Register of Historic Places in Illinois,12
763,https://en.wikipedia.org/wiki/Wolfram_Research,Wolfram Research,431
764,https://en.wikipedia.org/wiki/Cray,Cray,1714
765,https://en.wikipedia.org/wiki/Newmark_Civil_Engineering_Laboratory,Newmark Civil Engineering Laboratory,258
766,https://en.wikipedia.org/wiki/Graduation,Graduation,450
767,https://en.wikipedia.org/wiki/Anti-Defamation_League,Anti-Defamation League,4299
768,https://en.wikipedia.org/wiki/University_of_California,University of California,4802
769,https://en.wikipedia.org/wiki/Ohio_State,Ohio State University,3541
770,https://en.wikipedia.org/wiki/Prime_Minister_of_Georgia,Prime Minister of Georgia,308
771,https://en.wikipedia.org/wiki/Illibuck_Trophy,Illibuck Trophy,211
772,https://en.wikipedia.org/wiki/Collective_bargaining_agency,Trade union,2755
773,https://en.wikipedia.org/wiki/Interstate_74_in_Illinois,Interstate 74 in Illinois,520
774,https://en.wikipedia.org/wiki/Rutgers_University%E2%80%93New_Brunswick,Rutgers University–New Brunswick,1126
775,https://en.wikipedia.org/wiki/Dorothy_Day,Dorothy Day,4917
776,https://en.wikipedia.org/wiki/Hamming_code,Hamming code,1629
777,https://en.wikipedia.org/wiki/Princeton_University,Princeton University,6293
778,https://en.wikipedia.org/wiki/Illinois,Illinois,6695
779,https://en.wikipedia.org/wiki/Illinois_Fighting_Illini_men%27s_gymnastics,Illinois Fighting Illini men's gymnastics,104
780,https://en.wikipedia.org/wiki/Fight_song,Fight song,308
781,https://en.wikipedia.org/wiki/Michigan_Wolverines,Michigan Wolverines,2816
782,https://en.wikipedia.org/wiki/Prairie,Prairie,2324
783,https://en.wikipedia.org/wiki/Sweet_corn#Genetics,Sweet corn,921
784,https://en.wikipedia.org/wiki/Coordinated_Science_Laboratory,Coordinated Science Laboratory,117
785,https://en.wikipedia.org/wiki/Big_Ten_Conference_volleyball,Big Ten Conference volleyball,103
786,https://en.wikipedia.org/wiki/AT%26T,AT&T,2614
787,https://en.wikipedia.org/wiki/Champaign_Park_District,Champaign Park District,132
788,https://en.wikipedia.org/wiki/Nobel_Prize_in_Physics,Nobel Prize in Physics,708
789,https://en.wikipedia.org/wiki/University_of_Illinois_Experimental_Dairy_Farm_Historic_District,University of Illinois Experimental Dairy Farm Historic District,727
790,https://en.wikipedia.org/wiki/Dormitory,Dormitory,2311
791,https://en.wikipedia.org/wiki/LED,Light-emitting diode,6196
792,https://en.wikipedia.org/wiki/Mosaic_(web_browser),Mosaic (web browser),1136
793,https://en.wikipedia.org/wiki/WPGU,WPGU,405
794,https://en.wikipedia.org/wiki/Web_browser,Web browser,598
795,https://en.wikipedia.org/wiki/Washington_Monthly,Washington Monthly,300
796,https://en.wikipedia.org/wiki/Coursera,Coursera,892
797,https://en.wikipedia.org/wiki/Native_Americans_in_the_United_States,Native Americans in the United States,12985
798,https://en.wikipedia.org/wiki/Category:Articles_with_PLWABN_identifiers,Category:Articles with PLWABN identifiers,13
799,https://en.wikipedia.org/wiki/Wu_Tingfang,Wu Ting-fang,563
800,https://en.wikipedia.org/wiki/Busey%E2%80%93Evans_Residence_Halls,Busey–Evans Residence Halls,146
801,https://en.wikipedia.org/wiki/Computer,Computer,5108
802,https://en.wikipedia.org/wiki/Carnegie_Classification_of_Institutions_of_Higher_Education,Carnegie Classification of Institutions of Higher Education,635
803,https://en.wikipedia.org/wiki/Amtrak,Amtrak,4559
804,https://en.wikipedia.org/wiki/Bob_Miner,Bob Miner,242
805,https://en.wikipedia.org/wiki/John_Milton_Gregory,John Milton Gregory,271
806,https://en.wikipedia.org/wiki/Center_for_International_Business_Education_and_Research,Center for International Business Education and Research,39
807,"https://en.wikipedia.org/wiki/Champaign,_Illinois","Champaign, Illinois",1798
808,https://en.wikipedia.org/wiki/University_of_Utah,University of Utah,3327
809,https://en.wikipedia.org/wiki/Brown_University,Brown University,6128
810,"https://en.wikipedia.org/wiki/List_of_people_from_Champaign,_Illinois","List of people from Champaign, Illinois",23
811,https://en.wikipedia.org/wiki/McFarland_Memorial_Bell_Tower,McFarland Memorial Bell Tower,137
812,https://en.wikipedia.org/wiki/Wikipedia:Link_rot,Wikipedia:Link rot,1115
813,https://en.wikipedia.org/wiki/Playboy,Playboy,2797
814,https://en.wikipedia.org/wiki/Johns_Hopkins_Blue_Jays_women%27s_lacrosse,Johns Hopkins Blue Jays women's lacrosse,141
815,https://en.wikipedia.org/wiki/College_and_university_rankings_in_the_United_States,College and university rankings in the United States,1695
816,https://en.wikipedia.org/wiki/University_of_Kansas,University of Kansas,1677
817,https://en.wikipedia.org/wiki/Sound-on-film,Sound-on-film,421
818,"https://en.wikipedia.org/wiki/University_of_California,_Irvine","University of California, Irvine",3551
819,https://en.wikipedia.org/wiki/Jerry_Sanders_(businessman),Jerry Sanders (businessman),431
820,https://en.wikipedia.org/wiki/List_of_largest_United_States_universities_by_undergraduate_enrollment,List of United States university campuses by undergraduate enrollment,32
821,https://en.wikipedia.org/wiki/University_of_Miami,University of Miami,4467
822,https://en.wikipedia.org/wiki/National_Academy_of_Sciences,National Academy of Sciences,1011
823,https://en.wikipedia.org/wiki/University_of_Illinois_Willard_Airport,University of Illinois Willard Airport,502
824,https://en.wikipedia.org/wiki/Thomas_Siebel,Thomas Siebel,903
825,https://en.wikipedia.org/wiki/Apache_HTTP_server,Apache HTTP Server,850
826,https://en.wikipedia.org/wiki/MRI,Magnetic resonance imaging,3010
827,https://en.wikipedia.org/wiki/WWE_Raw_Tag_Team_Championship,WWE Raw Tag Team Championship,1137
828,"https://en.wikipedia.org/wiki/Memphis,_Tennessee","Memphis, Tennessee",6635
829,https://en.wikipedia.org/wiki/Mustafa_Khalil,Mustafa Khalil,230
830,https://en.wikipedia.org/wiki/Category:University_of_Illinois_Urbana-Champaign_alumni,Category:University of Illinois Urbana-Champaign alumni,41
831,https://en.wikipedia.org/wiki/Undergraduate_education,Undergraduate education,1805
832,https://en.wikipedia.org/wiki/The_Wall_Street_Journal,The Wall Street Journal,3181
833,https://en.wikipedia.org/wiki/HighBeam_Research,HighBeam Research,132
834,https://en.wikipedia.org/wiki/Johns_Hopkins_Blue_Jays,Johns Hopkins Blue Jays,505
835,https://en.wikipedia.org/wiki/Television,Television,7519
836,https://en.wikipedia.org/wiki/Ebertfest:_Roger_Ebert%27s_Film_Festival,Ebertfest,1057
837,https://en.wikipedia.org/wiki/UIUC_College_of_Veterinary_Medicine,University of Illinois College of Veterinary Medicine,25
838,https://en.wikipedia.org/wiki/NCSA_Telnet,NCSA Telnet,158
839,https://en.wikipedia.org/wiki/Mount_Laguna_Observatory,Mount Laguna Observatory,136
840,https://en.wikipedia.org/wiki/University_of_Illinois_Chicago,University of Illinois Chicago,2395
841,https://en.wikipedia.org/wiki/Chief_Illiniwek,Chief Illiniwek,2638
842,https://en.wikipedia.org/wiki/Category:Articles_containing_potentially_dated_statements_from_2015,Category:Articles containing potentially dated statements from 2015,60
843,https://en.wikipedia.org/wiki/Gibbs_sampling,Gibbs sampling,2235
844,https://en.wikipedia.org/wiki/Physik_Journal,Physik Journal,103
845,https://en.wikipedia.org/wiki/Goldman_Sachs,Goldman Sachs,6427
846,https://en.wikipedia.org/wiki/John_Robert_Schrieffer,John Robert Schrieffer,422
847,https://en.wikipedia.org/wiki/Red_Grange,Red Grange,3325
848,"https://en.wikipedia.org/wiki/Engineering_Hall,_University_of_Illinois_Urbana-Champaign","Engineering Hall, University of Illinois Urbana-Champaign",602
849,https://en.wikipedia.org/wiki/Nick_Holonyak,Nick Holonyak,486
850,https://en.wikipedia.org/wiki/Journal_of_American_Folklore,Journal of American Folklore,61
851,https://en.wikipedia.org/wiki/Category:All_articles_containing_potentially_dated_statements,Category:All articles containing potentially dated statements,94
852,"https://en.wikipedia.org/wiki/Monticello,_Illinois","Monticello, Illinois",479
853,https://en.wikipedia.org/wiki/Neel_Kashkari,Neel Kashkari,1865
854,https://en.wikipedia.org/wiki/New_York_University,New York University,5643
855,https://en.wikipedia.org/wiki/Mainframe_computer,Mainframe computer,1583
856,https://en.wikipedia.org/wiki/University_of_Iowa,University of Iowa,1964
857,https://en.wikipedia.org/wiki/Boneyard_Creek,Boneyard Creek,438
858,https://en.wikipedia.org/wiki/WQAD-TV,WQAD-TV,1408
859,https://en.wikipedia.org/wiki/Ohio_State_University,Ohio State University,3541
860,https://en.wikipedia.org/wiki/University_rankings,College and university rankings,4720
861,https://en.wikipedia.org/wiki/American_lower_class,American lower class,218
862,https://en.wikipedia.org/wiki/Chicago_State_University,Chicago State University,1737
863,https://en.wikipedia.org/wiki/Plasma_display,Plasma display,2186
864,"https://en.wikipedia.org/wiki/Category:Education_in_Champaign_County,_Illinois","Category:Education in Champaign County, Illinois",13
865,https://en.wikipedia.org/wiki/Altgeld_Chimes,Altgeld Chimes,1283
866,https://en.wikipedia.org/wiki/Champaign%E2%80%93Urbana_metropolitan_area,Champaign–Urbana metropolitan area,1499
867,https://en.wikipedia.org/wiki/BCS_theory,BCS theory,590
868,https://en.wikipedia.org/wiki/UIUC_Residence_Halls,Campus of the University of Illinois Urbana-Champaign,3236
869,https://en.wikipedia.org/wiki/Hugh_Hefner,Hugh Hefner,1598
870,https://en.wikipedia.org/wiki/Quacquarelli_Symonds,Quacquarelli Symonds,464
871,"https://en.wikipedia.org/wiki/University_of_California,_Santa_Cruz","University of California, Santa Cruz",3414
872,https://en.wikipedia.org/wiki/Judah_Christian_School,Judah Christian School,151
873,https://en.wikipedia.org/wiki/Oskee_Wow_Wow,Oskee Wow-Wow,303
874,https://en.wikipedia.org/wiki/BET,BET,1360
875,https://en.wikipedia.org/wiki/North_Dakota_State_University,North Dakota State University,1725
876,https://en.wikipedia.org/wiki/UIC_Flames,UIC Flames,839
877,https://en.wikipedia.org/wiki/Illinois_Fighting_Illini,Illinois Fighting Illini,1581
878,https://en.wikipedia.org/wiki/Washington_Huskies,Washington Huskies,1175
879,https://en.wikipedia.org/wiki/Braggin%27_Rights,Braggin' Rights,402
880,https://en.wikipedia.org/wiki/Category:1867_establishments_in_Illinois,Category:1867 establishments in Illinois,9
881,https://en.wikipedia.org/wiki/Prime_Minister_of_Egypt,Prime Minister of Egypt,380
882,https://en.wikipedia.org/wiki/Pinto_Bean_(squirrel),Pinto Bean (squirrel),186
883,https://en.wikipedia.org/wiki/Primetime_Emmy_Award,Primetime Emmy Awards,1133
884,https://en.wikipedia.org/wiki/Harvard_University,Harvard University,2062
885,https://en.wikipedia.org/wiki/Gies_College_of_Business,Gies College of Business,582
886,https://en.wikipedia.org/wiki/C._E._Woolman,Collett E. Woolman,510
887,https://en.wikipedia.org/wiki/Cattle_Bank,Cattle Bank,361
888,https://en.wikipedia.org/wiki/Category:Articles_with_CANTICN_identifiers,Category:Articles with CANTICN identifiers,13
889,https://en.wikipedia.org/wiki/Interstate_57,Interstate 57,697
890,https://en.wikipedia.org/wiki/Fighting_Illini,Illinois Fighting Illini,1581
891,https://en.wikipedia.org/wiki/Foellinger_Auditorium,Foellinger Auditorium,554
892,https://en.wikipedia.org/wiki/Business_Insider,Business Insider,630
893,https://en.wikipedia.org/wiki/Illinois_Men%27s_Volleyball_Club,Illinois Men's Volleyball Club,460
894,https://en.wikipedia.org/wiki/University_of_Illinois_Wheelchair_Basketball,University of Illinois Wheelchair Basketball,143
895,https://en.wikipedia.org/wiki/American_Journal_of_Psychology,American Journal of Psychology,90
896,https://en.wikipedia.org/wiki/Rafael_Correa,Rafael Correa,5937
897,https://en.wikipedia.org/wiki/Iowa_Hawkeyes,Iowa Hawkeyes,2157
898,https://en.wikipedia.org/wiki/University_of_Colorado_Boulder,University of Colorado Boulder,3846
899,https://en.wikipedia.org/wiki/Jack_Kilby,Jack Kilby,585
900,https://en.wikipedia.org/wiki/Chicago_Bears,Chicago Bears,5938
901,https://en.wikipedia.org/wiki/List_of_collegiate_glee_clubs,List of collegiate glee clubs,7
902,https://en.wikipedia.org/wiki/Champaign-Urbana_Mass_Transit_District,Champaign–Urbana Mass Transit District,853
903,https://en.wikipedia.org/wiki/Market_Place_Shopping_Center,Market Place Shopping Center,230
904,https://en.wikipedia.org/wiki/Oskee_Wow-Wow,Oskee Wow-Wow,303
905,https://en.wikipedia.org/wiki/Larry_Ellison,Larry Ellison,1971
906,https://en.wikipedia.org/wiki/United_States_Deputy_Secretary_of_Defense,United States Deputy Secretary of Defense,325
907,https://en.wikipedia.org/wiki/Yield_(college_admissions),Yield (college admissions),124
908,https://en.wikipedia.org/wiki/Pulitzer_Prize,Pulitzer Prize,1172
909,https://en.wikipedia.org/wiki/Category:Commons_category_link_is_on_Wikidata,Category:Commons category link is on Wikidata,14
910,https://en.wikipedia.org/wiki/United_States_Department_of_Education,United States Department of Education,718
911,https://en.wikipedia.org/wiki/Big_Ten_men%27s_lacrosse_tournament,Big Ten men's lacrosse tournament,47
912,https://en.wikipedia.org/wiki/Indiana_University,Indiana University,254
913,https://en.wikipedia.org/wiki/Category:Articles_with_ISNI_identifiers,Category:Articles with ISNI identifiers,13
914,https://en.wikipedia.org/wiki/DSL,Digital subscriber line,1709
915,https://en.wikipedia.org/wiki/Superconductivity,Superconductivity,2739
916,https://en.wikipedia.org/wiki/Southern_Illinois_University_Carbondale,Southern Illinois University Carbondale,3011
917,https://en.wikipedia.org/wiki/Illiac_Suite,Illiac Suite,70
918,https://en.wikipedia.org/wiki/Academic_Ranking_of_World_Universities,Academic Ranking of World Universities,441
919,https://en.wikipedia.org/wiki/Arizona_State_University,Arizona State University,6371
920,https://en.wikipedia.org/wiki/Edmund_J._James,Edmund J. James,1102
921,https://en.wikipedia.org/wiki/Minnesota_Golden_Gophers,Minnesota Golden Gophers,366
922,https://en.wikipedia.org/wiki/University_of_Illinois_College_of_Medicine,University of Illinois College of Medicine,553
923,https://en.wikipedia.org/wiki/Open_access,Open access,4644
924,https://en.wikipedia.org/wiki/University_of_Rochester,University of Rochester,3917
925,https://en.wikipedia.org/wiki/Michael_Krasny_(businessman),Michael Krasny (businessman),133
926,https://en.wikipedia.org/wiki/Staerkel_Planetarium,Staerkel Planetarium,552
927,https://en.wikipedia.org/wiki/Foreign_national,Foreign national,107
928,https://en.wikipedia.org/wiki/Bachelor_of_Arts,Bachelor of Arts,811
929,https://en.wikipedia.org/wiki/Illini_and_Saluki,Illini and Saluki,446
930,https://en.wikipedia.org/wiki/Washington_University_in_St._Louis,Washington University in St. Louis,4335
931,https://en.wikipedia.org/wiki/Ed_Boon,Ed Boon,221
932,https://en.wikipedia.org/wiki/Dial-A-Carol,Dial-A-Carol,180
933,https://en.wikipedia.org/wiki/Category:Articles_with_FAST_identifiers,Category:Articles with FAST identifiers,13
934,https://en.wikipedia.org/wiki/Institute_for_Condensed_Matter_Theory,Institute for Condensed Matter Theory,32
935,https://en.wikipedia.org/wiki/Universities_Research_Association,Universities Research Association,239
936,https://en.wikipedia.org/wiki/Carl_R._Woese_Institute_for_Genomic_Biology,Carl R. Woese Institute for Genomic Biology,273
937,https://en.wikipedia.org/wiki/U.S._Route_45_in_Illinois,U.S. Route 45 in Illinois,660
938,https://en.wikipedia.org/wiki/List_of_Vice_Presidents_of_the_Republic_of_China,List of vice presidents of the Republic of China,250
939,https://en.wikipedia.org/wiki/Kitty_Cone,Kitty Cone,606
940,https://en.wikipedia.org/wiki/Champaign-Urbana,Champaign–Urbana metropolitan area,1499
941,https://en.wikipedia.org/wiki/Category:University_of_Illinois_System_campuses,Category:University of Illinois System campuses,13
942,https://en.wikipedia.org/wiki/Daily_Illini,The Daily Illini,1036
943,https://en.wikipedia.org/wiki/Maryland_Terrapins,Maryland Terrapins,2587
944,https://en.wikipedia.org/wiki/University_of_Connecticut,University of Connecticut,2739
945,https://en.wikipedia.org/wiki/Forbes,Forbes,1003
946,https://en.wikipedia.org/wiki/Illinois_Fighting_Illini_women%27s_basketball,Illinois Fighting Illini women's basketball,60
947,https://en.wikipedia.org/wiki/Center_for_the_Simulation_of_Advanced_Rockets,Center for the Simulation of Advanced Rockets,284
948,https://en.wikipedia.org/wiki/University_of_South_Florida,University of South Florida,5836
949,https://en.wikipedia.org/wiki/University_of_Wisconsin%E2%80%93Madison,University of Wisconsin–Madison,5126
950,https://en.wikipedia.org/wiki/Category:Articles_with_CINII_identifiers,Category:Articles with CINII identifiers,13
951,https://en.wikipedia.org/wiki/Big_Ten_women%27s_lacrosse_tournament,Big Ten women's lacrosse tournament,60
952,https://en.wikipedia.org/wiki/Dartmouth_College,Dartmouth College,4786
953,https://en.wikipedia.org/wiki/Category:Land-grant_universities_and_colleges,Category:Land-grant universities and colleges,13
954,https://en.wikipedia.org/wiki/Giorgi_Kvirikashvili,Giorgi Kvirikashvili,246
955,https://en.wikipedia.org/wiki/Hail_to_the_Orange,Hail to the Orange,447
956,https://en.wikipedia.org/wiki/Beckman_Institute_for_Advanced_Science_and_Technology,Beckman Institute for Advanced Science and Technology,679
957,https://en.wikipedia.org/wiki/Northwestern_Wildcats,Northwestern Wildcats,3346
958,https://en.wikipedia.org/wiki/University_of_Central_Florida,University of Central Florida,4763
959,https://en.wikipedia.org/wiki/University_of_Illinois_School_of_Information_Sciences,University of Illinois School of Information Sciences,706
960,https://en.wikipedia.org/wiki/Lincoln_Hall_(University_of_Illinois),Lincoln Hall (University of Illinois),585
961,https://en.wikipedia.org/wiki/Champaign%E2%80%93Urbana_Mass_Transit_District,Champaign–Urbana Mass Transit District,853
962,https://en.wikipedia.org/wiki/List_of_chancellors_of_the_University_of_Illinois_Urbana-Champaign,List of chancellors of the University of Illinois Urbana-Champaign,126
963,"https://en.wikipedia.org/wiki/UIUC_College_of_Agriculture,_Consumer,_and_Environmental_Sciences","University of Illinois College of Agriculture, Consumer, and Environmental Sciences",89
964,https://en.wikipedia.org/wiki/Institute_of_Electrical_and_Electronics_Engineers,Institute of Electrical and Electronics Engineers,446
965,https://en.wikipedia.org/wiki/Category:Articles_with_unsourced_statements_from_October_2021,Category:Articles with unsourced statements from October 2021,40
966,https://en.wikipedia.org/wiki/President_of_the_International_Olympic_Committee,President of the International Olympic Committee,1505
967,https://en.wikipedia.org/wiki/Fighting_Illini_Sports_Network,Fighting Illini Sports Network,52
968,https://en.wikipedia.org/wiki/Wisconsin_Badgers,Wisconsin Badgers,1024
969,https://en.wikipedia.org/wiki/Category:Flagship_universities_in_the_United_States,Category:Flagship universities in the United States,9
970,https://en.wikipedia.org/wiki/Andreessen_Horowitz,Andreessen Horowitz,841
971,https://en.wikipedia.org/wiki/Illinois_Field,Illinois Field,418
972,https://en.wikipedia.org/wiki/Anthony_Leggett,Anthony James Leggett,814
973,https://en.wikipedia.org/wiki/Illinois_Fighting_Illini_softball,Illinois Fighting Illini softball,51
974,https://en.wikipedia.org/wiki/New_International_Encyclopedia,The New International Encyclopedia,208
975,https://en.wikipedia.org/wiki/Tesla_Motors,"Tesla, Inc.",7385
976,https://en.wikipedia.org/wiki/Campus_of_the_University_of_Illinois_Urbana-Champaign,Campus of the University of Illinois Urbana-Champaign,3236
977,https://en.wikipedia.org/wiki/Brendan_Eich,Brendan Eich,524
978,https://en.wikipedia.org/wiki/University_of_Michigan,University of Michigan,6544
979,https://en.wikipedia.org/wiki/Automatic_number-plate_recognition,Automatic number-plate recognition,4104
980,https://en.wikipedia.org/wiki/Japan_House,Japan House,392
981,https://en.wikipedia.org/wiki/National_Register_of_Historic_Places,National Register of Historic Places,2046
982,https://en.wikipedia.org/wiki/Comparative_Labor_Law_and_Policy_Journal,Comparative Labor Law and Policy Journal,117
983,https://en.wikipedia.org/wiki/University_of_Florida,University of Florida,4838
984,https://en.wikipedia.org/wiki/American_football,American football,4993
985,https://en.wikipedia.org/wiki/Joe_Hewitt_(programmer),Joe Hewitt (programmer),117
986,https://en.wikipedia.org/wiki/University_of_Illinois_slush_fund_scandal,University of Illinois slush fund scandal,297
987,https://en.wikipedia.org/wiki/Annette_Lu,Annette Lu,676
988,https://en.wikipedia.org/wiki/UIUC_Engineering_Campus,Engineering Campus (University of Illinois Urbana-Champaign),919
989,https://en.wikipedia.org/wiki/ACT_(test),ACT (test),1562
990,https://en.wikipedia.org/wiki/UIUC_College_of_Media,University of Illinois College of Media,328
991,https://en.wikipedia.org/wiki/Governor_of_New_Jersey,Governor of New Jersey,463
992,https://en.wikipedia.org/wiki/UCLA_Bruins,UCLA Bruins,4157
993,"https://en.wikipedia.org/wiki/Orpheum_Theatre_(Champaign,_Illinois)","Orpheum Theatre (Champaign, Illinois)",575
994,https://en.wikipedia.org/wiki/University_of_Texas_at_Austin,University of Texas at Austin,4893
995,https://en.wikipedia.org/wiki/Category:All_articles_with_unsourced_statements,Category:All articles with unsourced statements,47
996,https://en.wikipedia.org/wiki/Jeremy_Stoppelman,Jeremy Stoppelman,478
997,https://en.wikipedia.org/wiki/Forest_informatics,Forest informatics,526
998,https://en.wikipedia.org/wiki/Polymorphic_code,Polymorphic code,338
999,https://en.wikipedia.org/wiki/Somerville_College_Library,Somerville College Library,280
