use,242980
also,123536
system,120388
one,115536
displaystyl,96876
includ,94203
time,84773
first,83731
may,81338
comput,79697
x,77497
state,76476
develop,72998
two,71634
gener,69020
number,63748
work,61261
mani,59950
n,57071
univers,56878
exampl,56863
new,56476
oper,56113
data,55520
call,55398
process,53942
differ,53765
base,53535
form,53484
function,52663
year,52001
design,49316
model,49270
need,48919
would,48843
e,48830
set,48788
program,48567
languag,47791
unit,46091
provid,43219
known,43183
research,41744
follow,41588
requir,41167
product,40600
part,40431
term,40321
like,39904
result,39450
type,39320
howev,39272
theori,39135
inform,39096
world,39077
c,38518
engin,38461
often,38450
well,37874
studi,37787
control,37379
make,37294
allow,36900
p,36345
support,36125
group,35474
name,34836
chang,34679
field,34621
sinc,34327
power,34296
high,34259
standard,34159
case,34045
commun,33923
b,33610
method,32862
human,32849
structur,32716
produc,32502
scienc,32496
found,32480
perform,32196
valu,32127
compani,32126
could,31954
made,31697
applic,31660
network,31630
technolog,31625
three,31553
point,31518
sever,31456
problem,31352
larg,31215
later,30707
increas,30638
f,30611
effect,30562
g,30147
order,30024
r,29910
relat,29909
organ,29687
creat,29495
level,29482
earli,29344
origin,29303
machin,29152
mean,29111
refer,29057
space,28751
nation,28732
way,28619
peopl,28388
game,28129
u,28129
addit,28116
centuri,28090
natur,28089
area,27915
specif,27518
common,27218
code,27166
end,27134
servic,27099
public,26992
defin,26989
possibl,26940
softwar,26930
object,26681
physic,26607
music,26527
intern,26485
devic,26237
user,26046
exist,26022
posit,25884
caus,25694
non,25650
k,25485
describ,25440
within,25415
school,25368
even,25205
anoth,24993
consid,24895
second,24828
right,24751
import,24672
v,24493
contain,24391
build,24295
bit,24175
cell,24146
forc,24093
releas,24080
energi,23830
publish,23821
usual,23815
measur,23756
activ,23698
associ,23685
law,23592
line,23565
singl,23554
continu,23534
featur,23433
sourc,23388
due,23312
becam,23297
american,23109
project,23097
becom,22903
memori,22861
countri,22742
major,22716
social,22578
given,22551
test,22538
manag,22474
materi,22438
person,22302
student,22250
word,22185
govern,22127
open,21996
_,21986
imag,21847
digit,21823
mechan,21776
complet,21752
electron,21751
industri,21677
place,21609
current,21589
connect,21573
typic,21548
take,21369
although,21288
must,21220
citi,21026
limit,21025
citat,20957
individu,20845
logic,20798
direct,20787
version,20697
mathemat,20696
similar,20542
without,20530
repres,20508
water,20471
element,20395
access,20362
small,20359
show,20354
algorithm,20339
practic,20311
member,20299
complex,20298
accord,20229
modern,20150
much,20100
key,20000
bodi,19918
appli,19866
implement,19809
avail,19744
start,19625
record,19611
involv,19596
present,19580
receiv,19510
depend,19482
around,19449
construct,19410
lead,19339
rate,19187
move,19174
reduc,19132
variou,19098
war,19013
thu,18997
initi,18852
million,18758
four,18722
run,18711
experi,18705
secur,18687
consist,18648
class,18486
electr,18413
long,18326
air,18312
market,18265
busi,18207
express,18072
condit,18024
less,17982
integr,17981
size,17894
h,17866
concept,17639
institut,17630
respons,17583
report,17573
us,17551
tradit,17534
degre,17532
left,17449
rang,17412
among,17394
text,17380
properti,17352
book,17270
play,17249
approach,17226
signal,17219
establish,17199
distribut,17198
still,17165
multipl,17102
day,17092
appear,17072
see,17055
combin,17004
special,16970
light,16967
occur,16865
either,16859
improv,16815
educ,16806
wide,16776
introduc,16747
low,16721
file,16633
list,16551
period,16538
help,16426
higher,16412
locat,16337
determin,16285
video,16281
ad,16257
close,16248
view,16205
rule,16172
remain,16103
quantum,16046
learn,15935
offer,15912
life,15861
per,15855
act,15822
region,15821
knowledg,15796
seri,15780
main,15770
j,15734
cost,15699
surfac,15669
observ,15589
critic,15552
separ,15398
cultur,15282
issu,15180
everi,15146
center,15088
techniqu,15044
success,15030
share,14984
team,14927
analysi,14920
local,14859
popular,14857
sometim,14839
format,14802
reason,14761
compon,14757
particular,14727
give,14697
manufactur,14687
write,14676
rather,14673
idea,14647
factor,14635
medic,14623
equat,14570
variabl,14557
address,14554
z,14530
began,14501
l,14489
real,14466
independ,14430
live,14428
author,14262
free,14252
collect,14205
articl,14178
definit,14173
histori,14066
store,13986
interact,13931
instruct,13817
other,13813
certain,13808
led,13799
back,13725
action,13704
note,13598
lower,13541
side,13517
replac,13499
attack,13492
heat,13476
window,13464
rel,13425
instead,13397
societi,13392
input,13314
compar,13311
total,13264
begin,13254
health,13228
probabl,13199
influenc,13185
execut,13138
event,13102
subject,13083
potenti,13082
colleg,13072
award,13044
train,13009
scale,12999
signific,12987
interest,12908
de,12841
temperatur,12833
solut,12830
speed,12820
built,12815
q,12778
propos,12717
hous,12694
find,12668
though,12662
age,12657
architectur,12656
famili,12651
plan,12643
flow,12599
along,12597
offic,12592
role,12586
philosophi,12580
protect,12524
written,12517
basic,12484
film,12427
econom,12425
serv,12410
identifi,12408
advanc,12362
paper,12336
layer,12268
output,12248
hand,12241
deriv,12239
w,12229
circuit,12223
presid,12185
polit,12134
therefor,12084
effici,12075
announc,12032
central,11989
achiev,11975
scientif,11964
art,11959
environ,11934
normal,11914
claim,11914
final,11890
color,11861
principl,11832
third,11791
german,11755
late,11733
said,11714
tool,11649
pressur,11646
english,11639
popul,11634
divis,11623
home,11579
drive,11563
block,11547
suggest,11536
amount,11510
media,11490
mass,11490
link,11467
read,11465
philosoph,11457
behavior,11457
recent,11425
indic,11396
understand,11383
last,11371
risk,11362
good,11357
self,11356
processor,11347
categori,11340
anim,11332
diseas,11265
particl,11257
select,11256
calcul,11253
content,11250
classic,11234
display,11190
purpos,11179
messag,11162
approxim,11158
numer,11130
whether,11126
sens,11120
intellig,11092
qualiti,11091
least,11076
hardwar,11046
contribut,11024
five,10992
interpret,10991
top,10973
mathbf,10966
turn,10961
come,10959
sequenc,10956
best,10950
full,10887
respect,10865
extens,10859
concern,10850
vector,10813
account,10805
formal,10798
argu,10749
symbol,10739
abl,10725
john,10707
return,10702
via,10699
pass,10685
commonli,10684
altern,10628
length,10621
attempt,10616
togeth,10611
especi,10555
graphic,10552
carri,10534
site,10511
parti,10479
board,10467
card,10449
european,10433
frac,10400
accept,10352
movement,10327
frequenc,10321
hold,10288
transform,10274
simpl,10271
thought,10252
remov,10222
ibm,10220
channel,10190
error,10151
fact,10150
atom,10105
equal,10102
women,10099
metal,10098
internet,10094
task,10064
question,10017
mode,10001
core,9996
reach,9994
across,9987
charact,9978
true,9970
prevent,9947
player,9901
commerci,9895
equival,9889
correspond,9875
largest,9873
head,9865
librari,9854
interfac,9847
global,9817
directli,9805
british,9804
step,9798
might,9787
sign,9767
maintain,9736
evid,9735
estim,9733
map,9724
detect,9717
decis,9715
distinct,9688
predict,9670
militari,9640
page,9632
relationship,9623
sound,9610
capabl,9608
great,9607
band,9601
extend,9588
depart,9577
ii,9567
affect,9556
north,9556
section,9548
vari,9546
next,9505
partial,9491
target,9481
abil,9439
brain,9436
march,9413
polici,9398
protocol,9394
charg,9372
shape,9362
varieti,9352
document,9351
linear,9334
employ,9316
short,9314
offici,9276
larger,9272
custom,9257
south,9256
conduct,9255
wave,9244
regist,9231
cover,9230
instanc,9214
co,9211
say,9209
actual,9204
suppli,9194
believ,9176
held,9172
plant,9168
tabl,9136
seen,9098
switch,9031
europ,9028
updat,9022
translat,9021
entir,9010
primari,8993
pattern,8986
upon,8980
obtain,8974
emerg,8949
command,8944
visual,8925
profession,8880
better,8874
host,8859
blood,8857
consum,8832
context,8820
transfer,8815
chemic,8814
titl,8808
date,8796
stage,8789
magnet,8783
chip,8728
style,8715
histor,8713
resourc,8707
regard,8704
theorem,8687
statement,8683
post,8680
french,8657
phase,8635
januari,8634
dynam,8613
june,8583
greek,8576
enabl,8563
algebra,8556
regul,8554
foundat,8549
discuss,8547
radio,8545
except,8532
load,8511
expand,8508
storag,8507
zero,8487
loss,8461
septemb,8459
fund,8425
western,8425
privat,8419
rank,8408
matter,8387
basi,8368
care,8364
equip,8363
launch,8347
instrument,8330
union,8325
alway,8323
billion,8315
ga,8313
random,8293
distanc,8286
al,8268
motion,8257
expect,8253
corpor,8208
constant,8205
children,8199
sampl,8189
confer,8188
adopt,8178
cycl,8163
octob,8161
particularli,8158
academ,8156
half,8154
mark,8144
go,8124
toward,8117
transport,8110
technic,8103
land,8085
old,8073
treatment,8070
neg,8055
mobil,8049
demonstr,8042
robot,8039
greater,8037
averag,8034
solv,8025
wrote,8010
done,7999
reflect,7987
frame,7965
databas,7957
juli,7955
review,7940
edit,7935
death,7934
six,7928
patient,7927
meet,7923
extern,7922
face,7919
trade,7903
divid,7896
whose,7895
empir,7894
today,7887
fix,7873
volum,7862
squar,7852
argument,7838
statist,7814
thing,7813
correct,7809
lack,7801
near,7798
former,7789
price,7720
shown,7711
goal,7700
web,7699
domain,7698
voltag,7695
get,7686
letter,7667
smaller,7663
ident,7653
took,7651
august,7642
food,7640
china,7640
optim,7628
effort,7613
appl,7604
server,7601
decemb,7598
almost,7593
protein,7590
month,7577
print,7572
virtual,7567
novemb,7559
compil,7554
invent,7544
represent,7540
april,7540
earth,7534
futur,7524
compress,7514
microsoft,7497
administr,7491
node,7485
court,7484
necessari,7472
graduat,7470
middl,7454
gain,7451
branch,7448
explain,7447
detail,7446
ancient,7446
biolog,7411
armi,7410
prove,7409
convent,7407
medicin,7396
contrast,7395
black,7392
matrix,7390
focus,7364
platform,7360
journal,7360
elect,7352
licens,7347
track,7347
song,7340
came,7329
contract,7328
notabl,7326
encod,7319
tube,7307
ground,7306
white,7301
taken,7287
scientist,7280
cpu,7263
avoid,7258
tree,7258
throughout,7232
kind,7230
specifi,7228
patent,7224
outsid,7216
search,7214
bank,7190
arm,7187
differenti,7168
promot,7154
vehicl,7149
gate,7134
pair,7131
weight,7130
york,7125
optic,7115
speci,7105
procedur,7103
men,7103
situat,7098
programm,7096
instal,7095
finit,7079
exchang,7072
string,7071
wall,7068
assembl,7051
longer,7051
advantag,7049
growth,7045
feder,7029
assum,7011
simul,7005
assist,7004
etc,6999
aspect,6996
investig,6989
adapt,6987
far,6972
enter,6963
mid,6960
look,6951
america,6950
never,6942
carbon,6942
nuclear,6940
compos,6934
particip,6927
onlin,6927
resist,6920
impact,6886
cours,6876
simpli,6845
littl,6844
strong,6828
parallel,6826
subsequ,6796
precis,6782
doctor,6779
capit,6768
star,6767
east,6737
hard,6732
disk,6721
legal,6712
port,6707
characterist,6703
rise,6702
essenti,6697
screen,6693
difficult,6688
sum,6655
acquir,6655
chines,6653
februari,6646
fall,6627
cognit,6624
util,6612
die,6612
strategi,6612
modul,6608
eventu,6603
evalu,6598
station,6590
fire,6588
laboratori,6587
proof,6583
man,6571
ray,6570
analog,6561
cross,6551
agent,6550
campu,6542
option,6539
know,6523
ai,6522
integ,6521
x_,6517
sold,6495
choic,6488
west,6484
densiti,6483
transit,6478
uk,6477
pc,6477
professor,6472
recogn,6447
capac,6440
packag,6440
descript,6428
theoret,6424
audio,6416
mind,6416
uniqu,6413
join,6410
paramet,6381
deal,6375
contact,6371
orient,6366
speech,6362
discov,6359
challeng,6352
televis,6347
damag,6340
put,6337
master,6337
enough,6336
restrict,6335
path,6331
germani,6320
fluid,6307
focu,6306
joint,6305
intend,6303
think,6303
ten,6299
distinguish,6291
fail,6285
ship,6260
belief,6259
formula,6258
cancer,6253
fundament,6252
civil,6250
muscl,6247
financi,6246
benefit,6232
termin,6230
match,6225
highli,6219
aim,6209
travel,6208
hour,6177
convert,6177
figur,6168
examin,6157
array,6152
rotat,6151
binari,6147
transistor,6131
red,6124
agenc,6121
latin,6120
demand,6114
grow,6107
alreadi,6106
linguist,6105
incorpor,6092
big,6090
born,6071
doubl,6070
despit,6060
india,6052
earlier,6044
sale,6043
root,6037
tri,6032
prior,6017
